员工ID,姓名,事业部,城市,站点,岗位,员工状态,入职时间,7月申领情况,申购情况,申购订单状态
4663,usr_2,***收纳即刻事业部,深圳,深圳收纳****,员工,正式,2025/12/5 00:00,未申领,已申购,已支付
5869,usr_3,***收纳即刻事业部,深圳,深圳收纳****,员工,正式,2016/3/14 00:00,未申领,已申购,已支付
6708,usr_4,***收纳即刻事业部,上海,上海收纳****,员工,正式,2016/4/1 00:00,未申领,已申购,已支付
8508,usr_5,***上海北区事业部,上海,深度服****,员工,正式,2016/8/12 00:00,未申领,已申购,已支付
8818,usr_6,***北京事业部,北京,深度服****,员工,正式,2016/8/29 00:00,未申领,未申购,
11126,usr_7,***上海浦西事业部,上海,深度服****,员工,正式,2016/11/11 00:00,未申领,已申购,已支付
11562,usr_8,***华中事业部,长沙,深度服****,员工,正式,2016/11/25 00:00,未申领,已申购,已支付
200922,usr_9,***收纳即刻事业部,深圳,深圳收纳****,站长,正式,2017/2/20 00:00,未申领,已申购,已支付
201174,usr_10,***收纳即刻事业部,北京,即刻服务北****,其他职员,正式,2017/4/24 00:00,未申领,已申购,已支付
206381,usr_11,***苏北事业部,南京,深度服****,员工,正式,2017/5/27 00:00,未申领,已申购,已支付
206590,usr_12,***上海北区事业部,上海,深度服****,员工,正式,2017/6/4 00:00,未申领,已申购,已支付
207801,usr_13,***收纳即刻事业部,南京,南京收纳****,员工,正式,2017/6/30 00:00,未申领,已申购,已支付
208029,usr_14,***北京事业部,青岛,深度服****,带单师父,正式,2017/6/22 00:00,未申领,已申购,已支付
209738,usr_15,***收纳即刻事业部,杭州,杭州收纳****,带单师父,正式,2019/1/1 00:00,未申领,已申购,已支付
210649,usr_16,***收纳即刻事业部,广州,广州收纳****,员工,正式,2017/8/16 00:00,未申领,已申购,已支付
210808,usr_17,***华中事业部,武汉,武汉深度服务****,员工,正式,2017/8/22 00:00,未申领,已申购,已支付
211989,usr_18,***苏北事业部,南京,家师傅南京****,员工,正式,2025/4/7 00:00,未申领,已申购,已支付
211995,usr_19,***苏南事业部,苏州,深度服****,员工,正式,2017/9/27 00:00,未申领,已申购,已支付
212810,usr_20,***华中事业部,武汉,武汉深度服务****,员工,正式,2017/10/26 00:00,未申领,已申购,已支付
212822,usr_21,***浙江事业部,宁波,深度服****,员工,正式,2017/10/25 00:00,未申领,已申购,已支付
213019,usr_22,***苏北事业部,南京,深度服****,员工,正式,2017/10/31 00:00,未申领,已申购,已支付
213037,usr_23,***广佛事业部,广州,家师傅广州****,员工,正式,2017/10/28 00:00,未申领,已申购,已支付
213062,usr_24,***北京事业部,北京,深度服****,储备培训师,正式,2017/10/30 00:00,未申领,已申购,已支付
213719,usr_25,***苏南事业部,苏州,家师傅苏州****,员工,正式,2017/11/13 00:00,未申领,已申购,已支付
214561,usr_26,***苏南事业部,苏州,深度服****,员工,正式,2017/11/17 00:00,未申领,已申购,已支付
214605,usr_27,***川渝事业部,重庆,重庆家师****,员工,正式,2017/11/18 00:00,未申领,已申购,已支付
214610,usr_28,***福州事业部,福州,深度服****,员工,正式,2017/11/22 00:00,未申领,已申购,已支付
214814,usr_29,***苏南事业部,无锡,深度服****,储备培训师,正式,2017/11/26 00:00,未申领,已申购,已支付
214851,usr_30,***厦门事业部,厦门,厦门深度服****,站长,正式,2025/6/13 00:00,未申领,已申购,已支付
214859,usr_31,***深圳事业部,深圳,家师傅深圳深度服****,员工,正式,2017/11/29 00:00,未申领,已申购,已支付
214876,usr_32,***收纳即刻事业部,厦门,厦门收纳****,员工,正式,2025/11/29 00:00,未申领,已申购,已支付
215149,usr_33,***浙江事业部,宁波,深度服****,站长,正式,2017/12/12 00:00,未申领,已申购,已支付
215175,usr_34,***收纳即刻事业部,杭州,杭州收纳****,员工,正式,2017/12/31 00:00,未申领,已申购,已支付
215201,usr_35,***广佛事业部,广州,家师傅深度服****,带单师父,正式,2017/12/17 00:00,未申领,已申购,已支付
215218,usr_36,***福州事业部,福州,深度服****,员工,正式,2017/12/17 00:00,未申领,已申购,已支付
215306,usr_37,***上海北区事业部,上海,深度服****,员工,正式,2017/12/21 00:00,未申领,已申购,已支付
215497,usr_38,***深圳事业部,深圳,家师傅深圳深度服****,员工,正式,2018/1/3 00:00,未申领,已申购,已支付
215726,usr_39,***深圳事业部,深圳,家师傅深圳****,员工,正式,2025/10/31 00:00,未申领,已申购,已支付
215731,usr_40,***华中事业部,武汉,武汉深度服务****,员工,正式,2018/1/28 00:00,未申领,已申购,已支付
215811,usr_41,***上海北区事业部,上海,家师傅上海浦西****,员工,正式,2025/8/7 00:00,未申领,已申购,已支付
216159,usr_42,***浙江事业部,杭州,家师傅杭州深度服****,带单师父,正式,2018/3/4 00:00,未申领,已申购,已支付
216192,usr_43,***北京事业部,北京,家师傅北京****,员工,正式,2021/11/25 00:00,未申领,已申购,已支付
216288,usr_44,***北京事业部,北京,家师傅北京****,员工,正式,2018/3/4 00:00,未申领,已申购,已支付
216486,usr_45,***苏南事业部,无锡,深度服****,员工,正式,2022/5/30 00:00,未申领,已申购,已支付
216538,usr_46,***上海北区事业部,上海,深度服****,员工,正式,2018/3/7 00:00,未申领,已申购,已支付
217086,usr_47,***川渝事业部,重庆,重庆家师****,储备培训师,正式,2018/3/12 00:00,未申领,已申购,已支付
218819,usr_48,***苏南事业部,无锡,深度服****,带单师父,正式,2018/4/18 00:00,未申领,已申购,已支付
219732,usr_49,***北京事业部,北京,深度服务****,员工,正式,2018/6/7 00:00,未申领,已申购,已支付
219862,usr_50,***苏南事业部,无锡,家师傅无锡****,员工,正式,2018/6/10 00:00,未申领,已申购,已支付
220969,usr_51,***北京事业部,青岛,深度服****,员工,正式,2018/7/28 00:00,未申领,已申购,已支付
221131,usr_52,***上海浦西事业部,上海,上海搬****,储备站长,正式,2019/2/27 00:00,未申领,已申购,已支付
221290,usr_53,***上海北区事业部,上海,深度服****,员工,正式,2018/8/15 00:00,未申领,已申购,已支付
221391,usr_54,***北京事业部,北京,深度服务****,员工,正式,2018/8/20 00:00,未申领,已申购,已支付
221395,usr_55,***上海浦东事业部,上海,深度服****,培训师,正式,2024/3/8 00:00,未申领,已申购,已支付
221399,usr_56,***苏北事业部,南京,深度服****,员工,正式,2018/8/17 00:00,未申领,已申购,已支付
221446,usr_57,***厦门事业部,厦门,家师傅厦门深****,员工,正式,2025/10/22 00:00,未申领,已申购,已支付
221627,usr_58,***川渝事业部,成都,深度服****,员工,正式,2018/8/31 00:00,未申领,已申购,已支付
222899,usr_59,***浙江事业部,杭州,深度服****,员工,正式,2018/9/24 00:00,未申领,已申购,已支付
222946,usr_60,***苏南事业部,无锡,深度服****,员工,正式,2018/9/26 00:00,未申领,已申购,已支付
223026,usr_61,***收纳即刻事业部,广州,广州收纳****,员工,正式,2025/11/27 00:00,未申领,已申购,已支付
223589,usr_62,***收纳即刻事业部,深圳,深圳收纳****,员工,正式,2018/10/5 00:00,未申领,已申购,已支付
224170,usr_63,***上海北区事业部,上海,深度服****,员工,正式,2018/10/16 00:00,未申领,已申购,已支付
224497,usr_64,***华中事业部,武汉,家师傅武汉维修****,员工,正式,2018/10/17 00:00,未申领,已申购,已支付
225792,usr_65,***深圳事业部,深圳,深度服****,员工,正式,2018/11/1 00:00,未申领,已申购,已支付
226936,usr_66,***收纳即刻事业部,北京,北京收纳****,员工,正式,2018/11/8 00:00,未申领,已申购,已支付
227188,usr_67,***收纳即刻事业部,南京,南京收纳****,员工,正式,2019/3/10 00:00,未申领,已申购,已支付
228146,usr_68,***苏南事业部,苏州,家师傅苏州****,员工,正式,2018/11/26 00:00,未申领,已申购,已支付
228591,usr_69,***上海北区事业部,上海,深度服****,员工,正式,2018/11/27 00:00,未申领,已申购,已支付
228966,usr_70,***收纳即刻事业部,上海,上海收纳****,带单师父,正式,2018/12/23 00:00,未申领,已申购,已支付
241962,usr_71,***川渝事业部,成都,深度服****,员工,正式,2019/8/25 00:00,未申领,已申购,已支付
242134,usr_72,***深圳事业部,深圳,家师傅深圳****,带单师父,正式,2019/1/19 00:00,未申领,已申购,已支付
242339,usr_73,***北京事业部,北京,深度服****,员工,正式,2019/1/20 00:00,未申领,已申购,已支付
243518,usr_74,***福州事业部,福州,深度服****,员工,正式,2019/2/28 00:00,未申领,已申购,已支付
244257,usr_75,***华中事业部,武汉,武汉深度服务****,站长,正式,2019/2/20 00:00,未申领,已申购,已支付
244445,usr_76,***川渝事业部,重庆,重庆家师****,员工,正式,2019/2/27 00:00,未申领,已申购,已支付
244616,usr_77,***苏北事业部,南京,深度服****,其他职员,正式,2019/2/24 00:00,未申领,未申购,
244758,usr_78,***深圳事业部,深圳,深度服****,员工,正式,2019/2/28 00:00,未申领,已申购,已支付
244822,usr_79,***华中事业部,武汉,武汉深度服务****,员工,正式,2019/3/6 00:00,未申领,已申购,已支付
244878,usr_80,***深圳事业部,深圳,家师傅深圳深度服****,员工,正式,2019/2/22 00:00,未申领,已申购,已支付
244885,usr_81,***深圳事业部,深圳,家师傅深圳深度服****,员工,正式,2019/2/22 00:00,未申领,已申购,已支付
244925,usr_82,***深圳事业部,深圳,家师傅深圳深度服****,员工,正式,2019/2/28 00:00,未申领,已申购,已支付
245030,usr_83,***苏南事业部,无锡,深度服****,员工,正式,2019/2/21 00:00,未申领,已申购,已支付
245098,usr_84,***北京事业部,北京,深度服****,带单师父,正式,2019/2/28 00:00,未申领,已申购,已支付
245853,usr_85,***川渝事业部,重庆,重庆家师****,站长,正式,2019/3/5 00:00,未申领,已申购,已支付
245919,usr_86,***浙江事业部,杭州,深度服****,员工,正式,2019/2/24 00:00,未申领,已申购,已支付
245929,usr_87,***浙江事业部,杭州,深度服****,带单师父,正式,2019/2/24 00:00,未申领,已申购,已支付
246300,usr_88,***北京事业部,北京,深度服务****,带单师父,正式,2019/6/6 00:00,未申领,已申购,已支付
246435,usr_89,***苏南事业部,苏州,深度服****,其他职员,正式,2021/1/30 00:00,未申领,已申购,已支付
246862,usr_90,***浙江事业部,杭州,深度服****,带单师父,正式,2019/2/26 00:00,未申领,已申购,已支付
247887,usr_91,***收纳即刻事业部,北京,北京收纳****,其他职员,正式,2019/3/3 00:00,未申领,已申购,已支付
247900,usr_92,***收纳即刻事业部,北京,北京收纳****,带单师父,正式,2019/3/11 00:00,未申领,已申购,已支付
248257,usr_93,***上海浦西事业部,上海,深度服****,员工,正式,2019/3/1 00:00,未申领,已申购,已支付
249185,usr_94,***川渝事业部,成都,深度服****,员工,正式,2024/1/4 00:00,未申领,未申购,
249499,usr_95,***北京事业部,北京,深度服务****,员工,正式,2019/6/6 00:00,未申领,已申购,已支付
249971,usr_96,***北京事业部,北京,深度服务****,员工,正式,2019/6/6 00:00,未申领,已申购,已支付
250883,usr_97,***收纳即刻事业部,杭州,杭州收纳****,带单师父,正式,2019/3/13 00:00,未申领,已申购,已支付
251984,usr_98,***北京事业部,北京,深度服****,站长,正式,2019/3/10 00:00,未申领,已申购,已支付
252007,usr_99,***北京事业部,北京,深度服****,员工,正式,2023/4/24 00:00,未申领,已申购,已支付
252096,usr_100,***华中事业部,武汉,武汉深度服务****,员工,正式,2024/12/13 00:00,未申领,未申购,
252283,usr_101,***华中事业部,长沙,深度服****,员工,正式,2019/3/10 00:00,未申领,已申购,已支付
253430,usr_102,***北京事业部,北京,深度服****,带单师父,正式,2019/3/16 00:00,未申领,已申购,已支付
261177,usr_103,***华中事业部,武汉,武汉深度服务****,员工,正式,2019/3/22 00:00,未申领,已申购,已支付
262930,usr_104,***川渝事业部,重庆,重庆家师****,员工,正式,2019/3/28 00:00,未申领,已申购,已支付
263260,usr_105,***华中事业部,武汉,武汉深度服务****,员工,正式,2019/3/31 00:00,未申领,已申购,已支付
263277,usr_106,***上海北区事业部,上海,深度服****,培训师,正式,2022/6/23 00:00,未申领,已申购,已支付
264393,usr_107,***厦门事业部,厦门,家师傅厦门深****,员工,正式,2025/9/11 00:00,未申领,已申购,已支付
264420,usr_108,***川渝事业部,成都,深度服****,员工,正式,2019/4/22 00:00,未申领,已申购,已支付
264450,usr_109,***上海北区事业部,上海,深度服****,员工,正式,2019/4/23 00:00,未申领,已申购,已支付
264758,usr_110,***深圳事业部,深圳,家师傅深圳深度服****,员工,正式,2019/4/25 00:00,未申领,已申购,已支付
264992,usr_111,***上海浦东事业部,上海,深度服****,员工,正式,2019/5/1 00:00,未申领,已申购,已支付
265137,usr_112,***北京事业部,青岛,深度服****,员工,正式,2019/5/1 00:00,未申领,已申购,已支付
265507,usr_113,***上海浦西事业部,上海,深度服****,员工,正式,2019/5/8 00:00,未申领,已申购,已支付
266213,usr_114,***浙江事业部,杭州,家师傅杭州深度服****,带单师父,正式,2019/5/13 00:00,未申领,已申购,已支付
266257,usr_115,***川渝事业部,重庆,重庆家师****,员工,正式,2019/5/20 00:00,未申领,已申购,已支付
266501,usr_116,***深圳事业部,深圳,深度服****,员工,正式,2019/5/28 00:00,未申领,已申购,已支付
266642,usr_117,***收纳即刻事业部,北京,北京收纳****,员工,正式,2019/6/12 00:00,未申领,已申购,已支付
266880,usr_118,***上海浦西事业部,上海,深度服****,带单师父,正式,2019/5/28 00:00,未申领,已申购,已支付
266979,usr_119,***福州事业部,福州,深度服****,储备培训师,正式,2019/5/31 00:00,未申领,已申购,已支付
267047,usr_120,***苏南事业部,苏州,深度服****,员工,正式,2019/6/3 00:00,未申领,已申购,已支付
267055,usr_121,***苏南事业部,苏州,深度服****,员工,正式,2019/6/3 00:00,未申领,已申购,已支付
267093,usr_122,***深圳事业部,深圳,家师傅深圳深度服****,员工,正式,2019/6/6 00:00,未申领,已申购,已支付
267191,usr_123,***上海浦西事业部,上海,深度服****,员工,正式,2019/6/9 00:00,未申领,已申购,已支付
267193,usr_124,***上海浦西事业部,上海,深度服****,带单师父,正式,2019/6/9 00:00,未申领,已申购,已支付
267220,usr_125,***收纳即刻事业部,上海,上海收纳****,员工,正式,2020/12/25 00:00,未申领,已申购,已支付
267336,usr_126,***上海浦东事业部,上海,家师傅上海浦东****,员工,正式,2019/6/10 00:00,未申领,已申购,已支付
267347,usr_127,***深圳事业部,深圳,家师傅深圳深度服****,员工,正式,2019/6/16 00:00,未申领,已申购,已支付
267348,usr_128,***深圳事业部,深圳,深度服****,员工,正式,2020/11/17 00:00,未申领,已申购,已支付
267376,usr_129,***收纳即刻事业部,上海,上海收纳****,员工,正式,2019/6/29 00:00,未申领,已申购,已支付
267661,usr_130,***广佛事业部,广州,深度服****,员工,正式,2019/6/16 00:00,未申领,已申购,已支付
267770,usr_131,***上海浦西事业部,上海,深度服****,员工,正式,2019/6/21 00:00,未申领,已申购,已支付
267815,usr_132,***上海浦东事业部,上海,深度服****,员工,正式,2019/6/20 00:00,未申领,已申购,已支付
267848,usr_133,***上海浦西事业部,上海,深度服****,带单师父,正式,2019/6/30 00:00,未申领,已申购,已支付
267853,usr_134,***苏南事业部,苏州,深度服****,员工,正式,2019/6/20 00:00,未申领,已申购,已支付
268192,usr_135,***上海浦东事业部,上海,深度服****,带单师父,正式,2019/6/26 00:00,未申领,已申购,已支付
268237,usr_136,***深圳事业部,深圳,家师傅深圳****,储备培训师,正式,2019/6/30 00:00,未申领,已申购,已支付
268462,usr_137,***上海浦东事业部,上海,深度服****,员工,正式,2019/6/30 00:00,未申领,已申购,已支付
268516,usr_138,***收纳即刻事业部,上海,上海收纳****,员工,正式,2019/7/27 00:00,未申领,已申购,已支付
268526,usr_139,***广佛事业部,佛山,深度服务城****,员工,正式,2019/7/10 00:00,未申领,已申购,已支付
268617,usr_140,***北京事业部,北京,深度服****,带单师父,正式,2019/7/8 00:00,未申领,已申购,已支付
268836,usr_141,***浙江事业部,杭州,深度服****,员工,正式,2019/7/10 00:00,未申领,已申购,已支付
268898,usr_142,***收纳即刻事业部,北京,北京收纳****,员工,正式,2019/7/26 00:00,未申领,已申购,已支付
269136,usr_143,***上海北区事业部,上海,家师傅上海浦西****,带单师父,正式,2019/7/17 00:00,未申领,已申购,已支付
269373,usr_144,***广佛事业部,广州,深度服****,培训师,正式,2019/7/22 00:00,未申领,已申购,已支付
269384,usr_145,***苏南事业部,苏州,深度服****,培训师,正式,2019/7/22 00:00,未申领,已申购,已支付
269411,usr_146,***上海北区事业部,上海,深度服****,带单师父,正式,2019/7/25 00:00,未申领,已申购,已支付
269413,usr_147,***浙江事业部,杭州,深度服****,员工,正式,2024/8/15 00:00,未申领,已申购,已支付
269517,usr_148,***苏南事业部,苏州,深度服****,员工,正式,2019/7/26 00:00,未申领,已申购,已支付
269534,usr_149,***川渝事业部,重庆,重庆家师****,员工,正式,2019/7/26 00:00,未申领,已申购,已支付
269747,usr_150,***上海浦西事业部,上海,深度服****,带单师父,正式,2019/7/31 00:00,未申领,已申购,已支付
269941,usr_151,***上海北区事业部,上海,深度服****,员工,正式,2019/8/8 00:00,未申领,已申购,已支付
270044,usr_152,***收纳即刻事业部,上海,上海收纳****,员工,正式,2019/8/27 00:00,未申领,已申购,已支付
270672,usr_153,***收纳即刻事业部,北京,北京收纳****,带单师父,正式,2019/9/2 00:00,未申领,已申购,已支付
270787,usr_154,***上海浦西事业部,上海,深度服****,员工,正式,2019/8/28 00:00,未申领,已申购,已支付
270974,usr_155,***收纳即刻事业部,北京,北京收纳****,员工,正式,2019/9/29 00:00,未申领,已申购,已支付
271084,usr_156,***苏南事业部,苏州,深度服****,员工,正式,2019/9/10 00:00,未申领,已申购,已支付
271113,usr_157,***北京事业部,北京,深度服****,员工,正式,2022/4/18 00:00,未申领,已申购,已支付
271156,usr_158,***上海浦西事业部,上海,上海搬****,员工,正式,2025/5/16 00:00,未申领,已申购,已支付
271161,usr_159,***收纳即刻事业部,上海,上海收纳****,员工,正式,2019/9/30 00:00,未申领,已申购,已支付
271163,usr_160,***收纳即刻事业部,上海,上海收纳****,员工,正式,2019/10/7 00:00,未申领,已申购,已支付
271399,usr_161,***深圳事业部,深圳,家师傅深圳****,员工,正式,2019/9/11 00:00,未申领,已申购,已支付
271759,usr_162,***上海浦东事业部,上海,深度服****,站长,正式,2019/9/18 00:00,未申领,已申购,已支付
271854,usr_163,***收纳即刻事业部,深圳,深圳收纳****,员工,正式,2019/9/15 00:00,未申领,已申购,已支付
272158,usr_164,***华中事业部,武汉,武汉深度服务****,带单师父,正式,2019/9/25 00:00,未申领,已申购,已支付
272400,usr_165,***广佛事业部,广州,家师傅深度服****,员工,正式,2025/8/19 00:00,未申领,已申购,已支付
273674,usr_166,***浙江事业部,杭州,深度服****,员工,正式,2025/3/1 00:00,未申领,未申购,
273700,usr_167,***收纳即刻事业部,深圳,深圳收纳****,员工,正式,2019/11/21 00:00,未申领,已申购,已支付
273761,usr_168,***上海浦西事业部,上海,深度服****,带单师父,正式,2019/10/26 00:00,未申领,已申购,已支付
273958,usr_169,***川渝事业部,重庆,重庆家师****,员工,正式,2019/10/27 00:00,未申领,已申购,已支付
274130,usr_170,***北京事业部,北京,深度服****,员工,正式,2023/9/2 00:00,未申领,已申购,已支付
274369,usr_171,***川渝事业部,成都,深度服****,员工,正式,2024/1/8 00:00,未申领,未申购,
274373,usr_172,***上海北区事业部,上海,深度服****,员工,正式,2019/11/5 00:00,未申领,已申购,已支付
274892,usr_173,***收纳即刻事业部,杭州,杭州收纳****,员工,正式,2025/4/15 00:00,未申领,已申购,已支付
275154,usr_174,***浙江事业部,宁波,深度服****,员工,正式,2019/11/28 00:00,未申领,已申购,已支付
275198,usr_175,***上海浦东事业部,上海,深度服****,员工,正式,2019/12/7 00:00,未申领,已申购,已支付
275432,usr_176,***浙江事业部,宁波,深度服****,带单师父,正式,2019/12/9 00:00,未申领,已申购,已支付
275452,usr_177,***北京事业部,北京,深度服务****,员工,正式,2019/12/11 00:00,未申领,已申购,已支付
275555,usr_178,***川渝事业部,成都,深度服****,其他职员,正式,2019/12/18 00:00,未申领,已申购,已支付
275580,usr_179,***浙江事业部,宁波,深度服****,员工,正式,2019/12/20 00:00,未申领,已申购,已支付
275726,usr_180,***北京事业部,北京,深度服务****,员工,正式,2020/9/16 00:00,未申领,已申购,已支付
275817,usr_181,***苏南事业部,无锡,深度服****,员工,正式,2020/1/6 00:00,未申领,已申购,已支付
275868,usr_182,***浙江事业部,杭州,家师傅杭州****,员工,正式,2023/12/21 00:00,未申领,已申购,已支付
275897,usr_183,***浙江事业部,宁波,深度服****,带单师父,正式,2020/1/12 00:00,未申领,已申购,已支付
275917,usr_184,***苏南事业部,苏州,深度服****,员工,正式,2020/1/17 00:00,未申领,已申购,已支付
290146,usr_185,***深圳事业部,深圳,家师傅深圳****,带单师父,正式,2020/3/29 00:00,未申领,已申购,已支付
290302,usr_186,***收纳即刻事业部,广州,广州收纳****,员工,正式,2020/4/9 00:00,未申领,已申购,已支付
290305,usr_187,***福州事业部,福州,深度服****,员工,正式,2020/4/7 00:00,未申领,已申购,已支付
352113,usr_188,***浙江事业部,宁波,深度服****,员工,正式,2020/4/18 00:00,未申领,已申购,已支付
353241,usr_189,***上海浦东事业部,上海,家师傅上海浦东****,员工,正式,2020/5/2 00:00,未申领,已申购,已支付
353242,usr_190,***上海北区事业部,上海,深度服****,带单师父,正式,2020/5/4 00:00,未申领,已申购,已支付
353243,usr_191,***上海浦西事业部,上海,深度服****,员工,正式,2020/5/5 00:00,未申领,已申购,已支付
353287,usr_192,***广佛事业部,佛山,深度服务城****,员工,正式,2020/5/6 00:00,未申领,已申购,已支付
367099,usr_193,***苏北事业部,南京,深度服****,带单师父,正式,2020/5/8 00:00,未申领,已申购,已支付
367123,usr_194,***苏南事业部,苏州,深度服****,员工,正式,2020/5/9 00:00,未申领,已申购,已支付
367124,usr_195,***苏南事业部,苏州,深度服****,员工,正式,2020/5/9 00:00,未申领,已申购,已支付
367228,usr_196,***浙江事业部,杭州,深度服****,站长,正式,2020/5/17 00:00,未申领,已申购,已支付
367257,usr_197,***收纳即刻事业部,上海,上海收纳****,员工,正式,2020/5/20 00:00,未申领,已申购,已支付
367260,usr_198,***苏南事业部,南通,深度服****,员工,正式,2020/5/15 00:00,未申领,已申购,已支付
367327,usr_199,***苏南事业部,苏州,深度服****,员工,正式,2020/5/16 00:00,未申领,已申购,已支付
367338,usr_200,***北京事业部,青岛,深度服****,站长,正式,2020/6/2 00:00,未申领,已申购,已支付
367340,usr_201,***北京事业部,青岛,深度服****,员工,正式,2020/6/2 00:00,未申领,已申购,已支付
367387,usr_202,***浙江事业部,宁波,深度服****,员工,正式,2025/5/2 00:00,未申领,已申购,已支付
367404,usr_203,***北京事业部,北京,深度服务****,员工,正式,2020/11/24 00:00,未申领,已申购,已支付
367455,usr_204,***上海浦东事业部,上海,家师傅上海浦东****,员工,正式,2025/11/26 00:00,未申领,已申购,已支付
367610,usr_205,***苏南事业部,苏州,深度服****,储备站长,正式,2020/5/26 00:00,未申领,已申购,已支付
367640,usr_206,***收纳即刻事业部,杭州,杭州收纳****,员工,正式,2022/11/24 00:00,未申领,已申购,已支付
367706,usr_207,***收纳即刻事业部,上海,上海收纳****,站长,正式,2020/6/13 00:00,未申领,已申购,已支付
367714,usr_208,***收纳即刻事业部,上海,上海收纳****,员工,正式,2020/6/17 00:00,未申领,已申购,已支付
367864,usr_209,***上海浦西事业部,上海,深度服****,员工,正式,2020/6/6 00:00,未申领,已申购,已支付
368028,usr_210,***上海浦西事业部,上海,深度服****,员工,正式,2020/6/8 00:00,未申领,已申购,已支付
368558,usr_211,***深圳事业部,深圳,深度服****,带单师父,正式,2020/9/22 00:00,未申领,已申购,已支付
368573,usr_212,***收纳即刻事业部,广州,广州收纳****,员工,正式,2020/7/21 00:00,未申领,已申购,已支付
369271,usr_213,***收纳即刻事业部,北京,北京收纳****,员工,正式,2021/8/1 00:00,未申领,已申购,已支付
369465,usr_214,***上海浦西事业部,上海,深度服****,员工,正式,2020/8/24 00:00,未申领,已申购,已支付
369467,usr_215,***深圳事业部,深圳,家师傅深圳深度服****,员工,正式,2020/8/27 00:00,未申领,已申购,已支付
370003,usr_216,***苏南事业部,无锡,深度服****,员工,正式,2025/5/1 00:00,未申领,已申购,已支付
370087,usr_217,***上海浦东事业部,上海,深度服****,带单师父,正式,2020/9/15 00:00,未申领,已申购,已支付
370357,usr_218,***川渝事业部,成都,深度服****,员工,正式,2020/10/1 00:00,未申领,已申购,已支付
370399,usr_219,***上海浦西事业部,上海,深度服****,员工,正式,2023/5/27 00:00,未申领,已申购,已支付
370467,usr_220,***浙江事业部,杭州,深度服****,员工,正式,2020/9/22 00:00,未申领,已申购,已支付
371399,usr_221,***上海北区事业部,上海,家师傅上海浦西****,员工,正式,2025/10/29 00:00,未申领,已申购,已支付
371488,usr_222,***苏南事业部,苏州,深度服****,员工,正式,2020/10/20 00:00,未申领,已申购,已支付
371538,usr_223,***深圳事业部,深圳,深度服****,员工,正式,2020/10/22 00:00,未申领,已申购,已支付
372003,usr_224,***上海北区事业部,上海,深度服****,带单师父,正式,2020/11/3 00:00,未申领,已申购,已支付
372134,usr_225,***收纳即刻事业部,广州,广州收纳****,员工,正式,2020/11/30 00:00,未申领,已申购,已支付
372135,usr_226,***苏南事业部,南通,深度服****,员工,正式,2020/11/7 00:00,未申领,已申购,已支付
372478,usr_227,***收纳即刻事业部,深圳,深圳收纳****,培训师,正式,2020/12/21 00:00,未申领,已申购,已支付
373118,usr_228,***苏南事业部,苏州,深度服****,员工,正式,2020/12/14 00:00,未申领,已申购,已支付
373183,usr_229,***川渝事业部,成都,深度服****,员工,正式,2025/4/9 00:00,未申领,已申购,已支付
373436,usr_230,***北京事业部,北京,深度服务****,带单师父,正式,2020/12/23 00:00,未申领,已申购,已支付
373437,usr_231,***北京事业部,北京,深度服务****,员工,正式,2020/12/23 00:00,未申领,已申购,已支付
373439,usr_232,***北京事业部,北京,深度服务****,员工,正式,2024/10/29 00:00,未申领,已申购,已支付
373510,usr_233,***川渝事业部,成都,深度服****,带单师父,正式,2020/12/24 00:00,未申领,已申购,已支付
373669,usr_234,***川渝事业部,成都,深度服****,员工,正式,2024/1/9 00:00,未申领,未申购,
373707,usr_235,***收纳即刻事业部,深圳,深圳收纳****,员工,正式,2020/12/31 00:00,未申领,已申购,已支付
373758,usr_236,***浙江事业部,宁波,深度服****,员工,正式,2020/12/31 00:00,未申领,已申购,已支付
374804,usr_237,***上海浦东事业部,上海,深度服****,员工,正式,2021/1/3 00:00,未申领,已申购,已支付
374962,usr_238,***上海北区事业部,上海,深度服****,带单师父,正式,2021/1/9 00:00,未申领,已申购,已支付
374993,usr_239,***收纳即刻事业部,北京,北京收纳****,站长,正式,2021/2/1 00:00,未申领,已申购,已支付
375369,usr_240,***华中事业部,武汉,武汉深度服务****,员工,正式,2021/12/20 00:00,未申领,已申购,已支付
375427,usr_241,***收纳即刻事业部,北京,北京收纳****,员工,正式,2021/2/1 00:00,未申领,已申购,已支付
20168412,usr_242,***收纳即刻事业部,杭州,杭州收纳****,员工,正式,2023/2/21 00:00,未申领,已申购,已支付
20190098,usr_243,***收纳即刻事业部,南京,南京收纳****,员工,正式,2019/10/29 00:00,未申领,已申购,已支付
20191954,usr_244,***收纳即刻事业部,广州,广州收纳****,员工,正式,2020/7/8 00:00,未申领,已申购,已支付
20194050,usr_245,***浙江事业部,杭州,家师傅杭州深度服****,员工,正式,2021/3/1 00:00,未申领,已申购,已支付
20194345,usr_246,***浙江事业部,杭州,深度服****,带单师父,正式,2021/3/2 00:00,未申领,已申购,已支付
20194495,usr_247,***苏南事业部,南通,深度服****,员工,正式,2021/3/11 00:00,未申领,已申购,已支付
20194591,usr_248,***收纳即刻事业部,深圳,深圳收纳****,员工,正式,2025/11/7 00:00,未申领,已申购,已支付
20194607,usr_249,***收纳即刻事业部,深圳,深圳收纳****,员工,正式,2021/3/19 00:00,未申领,已申购,已支付
20195008,usr_250,***上海北区事业部,上海,深度服****,带单师父,正式,2021/3/7 00:00,未申领,已申购,已支付
20195287,usr_251,***上海北区事业部,上海,深度服****,员工,正式,2021/3/7 00:00,未申领,已申购,已支付
20195347,usr_252,***收纳即刻事业部,厦门,厦门收纳****,员工,正式,2025/11/21 00:00,未申领,已申购,已支付
20196097,usr_253,***川渝事业部,成都,深度服****,员工,正式,2021/3/10 00:00,未申领,已申购,已支付
20196112,usr_254,***收纳即刻事业部,广州,广州收纳****,员工,正式,2021/3/25 00:00,未申领,已申购,已支付
20196165,usr_255,***上海北区事业部,上海,深度服****,员工,正式,2024/5/13 00:00,未申领,已申购,已支付
20196579,usr_256,***上海浦西事业部,上海,深度服****,员工,正式,2024/3/21 00:00,未申领,已申购,已支付
20196836,usr_257,***华中事业部,武汉,武汉深度服务****,员工,正式,2021/3/13 00:00,未申领,未申购,
20197069,usr_258,***上海浦西事业部,上海,家师傅上海浦西****,员工,正式,2025/11/21 00:00,未申领,已申购,已支付
20197285,usr_259,***广佛事业部,广州,家师傅广州****,员工,正式,2021/3/23 00:00,未申领,已申购,已支付
20197620,usr_260,***北京事业部,北京,深度服****,员工,正式,2024/3/1 00:00,未申领,已申购,已支付
20197666,usr_261,***川渝事业部,成都,深度服****,带单师父,正式,2021/3/24 00:00,未申领,已申购,已支付
20197799,usr_262,***广佛事业部,佛山,深度服务城****,员工,正式,2021/3/25 00:00,未申领,已申购,已支付
20197909,usr_263,***苏南事业部,苏州,深度服****,员工,正式,2021/3/22 00:00,未申领,已申购,已支付
20198001,usr_264,***浙江事业部,杭州,家师傅杭州深度服****,员工,正式,2021/3/26 00:00,未申领,已申购,已支付
20198196,usr_265,***北京事业部,北京,深度服****,员工,正式,2021/3/30 00:00,未申领,已申购,已支付
20198306,usr_266,***收纳即刻事业部,南京,南京收纳****,员工,正式,2021/3/31 00:00,未申领,已申购,已支付
20198617,usr_267,***福州事业部,福州,深度服****,员工,正式,2021/4/5 00:00,未申领,已申购,已支付
20198635,usr_268,***深圳事业部,深圳,家师傅深圳深度服****,其他职员,正式,2021/4/7 00:00,未申领,已申购,已支付
20198697,usr_269,***苏北事业部,南京,深度服****,员工,正式,2021/4/4 00:00,未申领,已申购,已支付
20198720,usr_270,***广佛事业部,广州,家师傅广州****,员工,正式,2021/4/2 00:00,未申领,已申购,已支付
20198807,usr_271,***苏北事业部,南京,深度服****,员工,正式,2025/11/16 00:00,未申领,已申购,已支付
20198854,usr_272,***广佛事业部,佛山,深度服务城****,员工,正式,2021/3/31 00:00,未申领,已申购,已支付
20198874,usr_273,***上海北区事业部,上海,深度服****,员工,正式,2021/4/8 00:00,未申领,已申购,已支付
20198942,usr_274,***厦门事业部,厦门,深度服****,其他职员,正式,2021/4/14 00:00,未申领,未申购,
20199154,usr_275,***上海北区事业部,上海,深度服****,员工,正式,2021/4/10 00:00,未申领,已申购,已支付
20199237,usr_276,***苏北事业部,南京,家师傅南京****,带单师父,正式,2021/4/12 00:00,未申领,已申购,已支付
20199238,usr_277,***北京事业部,北京,深度服务****,带单师父,正式,2021/4/9 00:00,未申领,已申购,已支付
20199270,usr_278,***上海浦西事业部,上海,上海搬****,员工,正式,2025/4/30 00:00,未申领,已申购,已支付
20199362,usr_279,***华中事业部,武汉,武汉深度服务****,员工,正式,2021/4/13 00:00,未申领,已申购,已支付
20199371,usr_280,***苏北事业部,南京,深度服****,带单师父,正式,2021/4/16 00:00,未申领,已申购,已支付
20199416,usr_281,***上海浦西事业部,上海,深度服****,员工,正式,2021/4/16 00:00,未申领,已申购,已支付
20199500,usr_282,***厦门事业部,厦门,厦门深度服****,员工,正式,2025/10/28 00:00,未申领,已申购,已支付
20199613,usr_283,***苏南事业部,南通,深度服****,员工,正式,2024/12/22 00:00,未申领,未申购,
20199714,usr_284,***上海北区事业部,上海,深度服****,员工,正式,2021/4/19 00:00,未申领,已申购,已支付
20199777,usr_285,***上海浦西事业部,上海,深度服****,员工,正式,2023/9/15 00:00,未申领,已申购,已支付
20199797,usr_286,***上海浦东事业部,上海,上海深度服****,员工,正式,2021/4/24 00:00,未申领,已申购,已支付
20199830,usr_287,***收纳即刻事业部,北京,北京收纳****,员工,正式,2021/4/30 00:00,未申领,已申购,已支付
20199863,usr_288,***收纳即刻事业部,杭州,杭州收纳****,站长,正式,2021/4/26 00:00,未申领,已申购,已支付
20199870,usr_289,***收纳即刻事业部,北京,北京收纳****,站长,正式,2021/4/30 00:00,未申领,已申购,已支付
20199885,usr_290,***收纳即刻事业部,上海,上海收纳****,员工,正式,2021/4/27 00:00,未申领,已申购,已支付
20199891,usr_291,***北京事业部,北京,深度服务****,员工,正式,2023/5/4 00:00,未申领,已申购,已支付
20199938,usr_292,***广佛事业部,广州,家师傅深度服****,站长,正式,2021/4/20 00:00,未申领,已申购,已支付
20200055,usr_293,***上海北区事业部,上海,深度服****,员工,正式,2021/4/29 00:00,未申领,已申购,已支付
20200061,usr_294,***北京事业部,青岛,深度服****,员工,正式,2021/4/28 00:00,未申领,已申购,已支付
20200233,usr_295,***深圳事业部,深圳,家师傅深圳深度服****,员工,正式,2021/5/5 00:00,未申领,已申购,已支付
20200257,usr_296,***华中事业部,武汉,武汉深度服务****,员工,正式,2021/4/27 00:00,未申领,已申购,已支付
20200440,usr_297,***收纳即刻事业部,杭州,杭州收纳****,员工,正式,2021/5/10 00:00,未申领,已申购,已支付
20200841,usr_298,***上海浦东事业部,上海,深度服****,员工,正式,2022/7/5 00:00,未申领,已申购,已支付
20200866,usr_299,***上海浦东事业部,上海,家师傅上海浦东****,员工,正式,2021/5/16 00:00,未申领,已申购,已支付
20200931,usr_300,***收纳即刻事业部,北京,北京收纳****,员工,正式,2021/6/1 00:00,未申领,已申购,已支付
20200994,usr_301,***收纳即刻事业部,深圳,深圳收纳****,员工,正式,2021/6/5 00:00,未申领,已申购,已支付
20201142,usr_302,***上海浦东事业部,上海,家师傅上海浦东****,带单师父,正式,2021/5/22 00:00,未申领,已申购,已支付
20201261,usr_303,***收纳即刻事业部,北京,北京收纳****,员工,正式,2021/6/8 00:00,未申领,已申购,已支付
20201289,usr_304,***浙江事业部,宁波,深度服****,员工,正式,2021/5/24 00:00,未申领,已申购,已支付
20201310,usr_305,***收纳即刻事业部,南京,南京收纳****,员工,正式,2021/6/17 00:00,未申领,已申购,已支付
20201359,usr_306,***上海北区事业部,上海,深度服****,员工,正式,2021/5/28 00:00,未申领,已申购,已支付
20201389,usr_307,***上海浦西事业部,上海,深度服****,员工,正式,2021/5/29 00:00,未申领,已申购,已支付
20201531,usr_308,***苏北事业部,南京,家师傅南京****,员工,正式,2021/6/3 00:00,未申领,已申购,已支付
20201689,usr_309,***上海浦西事业部,上海,深度服****,员工,正式,2021/6/4 00:00,未申领,已申购,已支付
20201989,usr_310,***浙江事业部,宁波,家师傅宁波****,员工,正式,2023/8/6 00:00,未申领,已申购,已支付
20202129,usr_311,***上海浦东事业部,上海,深度服****,员工,正式,2021/6/17 00:00,未申领,已申购,已支付
20202150,usr_312,***收纳即刻事业部,北京,北京收纳****,带单师父,正式,2021/7/6 00:00,未申领,已申购,已支付
20202398,usr_313,***上海浦东事业部,上海,深度服****,员工,正式,2021/6/18 00:00,未申领,已申购,已支付
20202480,usr_314,***苏北事业部,南京,深度服****,员工,正式,2021/6/20 00:00,未申领,已申购,已支付
20202521,usr_315,***收纳即刻事业部,杭州,杭州收纳****,员工,正式,2021/7/2 00:00,未申领,已申购,已支付
20202907,usr_316,***浙江事业部,杭州,深度服****,员工,正式,2021/7/8 00:00,未申领,已申购,已支付
20202933,usr_317,***浙江事业部,杭州,家师傅杭州深度服****,员工,正式,2021/7/5 00:00,未申领,已申购,已支付
20203508,usr_318,***北京事业部,北京,家师傅北京****,员工,正式,2021/7/15 00:00,未申领,已申购,已支付
20204841,usr_319,***苏北事业部,南京,深度服****,员工,正式,2025/11/30 00:00,未申领,已申购,已支付
20205028,usr_320,***收纳即刻事业部,深圳,深圳收纳****,员工,正式,2021/10/15 00:00,未申领,已申购,已支付
20205109,usr_321,***华中事业部,武汉,武汉深度服务****,员工,正式,2021/8/23 00:00,未申领,已申购,已支付
20205714,usr_322,***收纳即刻事业部,北京,北京收纳****,员工,正式,2021/9/20 00:00,未申领,已申购,已支付
20206618,usr_323,***收纳即刻事业部,上海,上海收纳****,员工,正式,2021/10/20 00:00,未申领,已申购,已支付
20206726,usr_324,***苏南事业部,无锡,家师傅无锡****,储备培训师,正式,2021/11/7 00:00,未申领,已申购,已支付
20206998,usr_325,***收纳即刻事业部,南京,南京收纳****,员工,正式,2021/10/31 00:00,未申领,已申购,已支付
20207524,usr_326,***收纳即刻事业部,广州,广州收纳****,员工,正式,2021/10/27 00:00,未申领,已申购,已支付
20207529,usr_327,***收纳即刻事业部,南京,南京收纳****,员工,正式,2021/10/27 00:00,未申领,已申购,已支付
20208022,usr_328,***浙江事业部,杭州,家师傅杭州深度服****,站长,正式,2023/3/1 00:00,未申领,已申购,已支付
20208058,usr_329,***上海浦西事业部,上海,深度服****,员工,正式,2021/10/25 00:00,未申领,已申购,已支付
20209169,usr_330,***上海浦东事业部,上海,家师傅上海浦东****,带单师父,正式,2021/11/11 00:00,未申领,已申购,已支付
20209476,usr_331,***华中事业部,武汉,武汉深度服务****,员工,正式,2021/11/24 00:00,未申领,已申购,已支付
20209872,usr_332,***上海浦东事业部,上海,家师傅上海浦东****,储备培训师,正式,2024/8/8 00:00,未申领,已申购,已支付
20210043,usr_333,***浙江事业部,杭州,深度服****,员工,正式,2023/5/30 00:00,未申领,已申购,已支付
20210134,usr_334,***苏北事业部,南京,深度服****,员工,正式,2021/12/4 00:00,未申领,已申购,已支付
20210646,usr_335,***北京事业部,北京,深度服务****,员工,正式,2021/12/23 00:00,未申领,已申购,已支付
20210854,usr_336,***浙江事业部,宁波,深度服****,员工,正式,2021/12/25 00:00,未申领,已申购,已支付
20210972,usr_337,***浙江事业部,宁波,家师傅宁波****,员工,正式,2021/12/30 00:00,未申领,已申购,已支付
20210975,usr_338,***苏南事业部,无锡,深度服****,员工,正式,2021/12/27 00:00,未申领,已申购,已支付
20211133,usr_339,***广佛事业部,广州,深度服****,员工,正式,2022/6/16 00:00,未申领,已申购,已支付
20211152,usr_340,***收纳即刻事业部,上海,上海收纳****,带单师父,正式,2022/2/11 00:00,未申领,已申购,已支付
20211153,usr_341,***深圳事业部,深圳,深度服****,站长,正式,2022/1/11 00:00,未申领,已申购,已支付
20211889,usr_342,***苏北事业部,南京,深度服****,站长,正式,2022/3/3 00:00,未申领,已申购,已支付
20212172,usr_343,***收纳即刻事业部,北京,北京收纳****,员工,正式,2025/11/14 00:00,未申领,已申购,已支付
20212731,usr_344,***浙江事业部,杭州,深度服****,培训师,正式,2022/3/7 00:00,未申领,已申购,已支付
20213224,usr_345,***收纳即刻事业部,昆山,即刻服务昆山万****,其他职员,正式,2019/10/21 00:00,未申领,已申购,已支付
20213226,usr_346,***收纳即刻事业部,厦门,即刻服务厦门乐业****,员工,正式,2019/12/9 00:00,未申领,已申购,已支付
20213625,usr_347,***川渝事业部,成都,深度服****,员工,正式,2022/10/11 00:00,未申领,已申购,已支付
20213646,usr_348,***华中事业部,武汉,武汉深度服务****,员工,正式,2022/4/8 00:00,未申领,已申购,已支付
20213790,usr_349,***广佛事业部,广州,家师傅广州****,带单师父,正式,2022/4/19 00:00,未申领,已申购,已支付
20213839,usr_350,***苏北事业部,南京,深度服****,员工,正式,2022/4/20 00:00,未申领,已申购,已支付
20213939,usr_351,***福州事业部,福州,深度服****,员工,正式,2022/4/24 00:00,未申领,未申购,
20214023,usr_352,***深圳事业部,深圳,深度服****,储备培训师,正式,2022/5/4 00:00,未申领,已申购,已支付
20214135,usr_353,***川渝事业部,成都,深度服****,员工,正式,2022/10/11 00:00,未申领,已申购,已支付
20214158,usr_354,***广佛事业部,广州,家师傅广州****,员工,正式,2022/5/10 00:00,未申领,已申购,已支付
20214170,usr_355,***苏南事业部,苏州,家师傅苏州****,员工,正式,2022/5/11 00:00,未申领,已申购,已支付
20214264,usr_356,***苏北事业部,南京,深度服****,员工,正式,2022/5/22 00:00,未申领,已申购,已支付
20214265,usr_357,***苏北事业部,南京,深度服****,员工,正式,2022/5/22 00:00,未申领,已申购,已支付
20214731,usr_358,***上海北区事业部,上海,深度服****,带单师父,正式,2022/6/16 00:00,未申领,已申购,已支付
20215583,usr_359,***收纳即刻事业部,上海,上海收纳****,员工,正式,2022/8/12 00:00,未申领,已申购,已支付
20215594,usr_360,***收纳即刻事业部,上海,上海收纳****,带单师父,正式,2023/5/6 00:00,未申领,已申购,已支付
20217052,usr_361,***北京事业部,北京,深度服****,员工,正式,2022/10/22 00:00,未申领,已申购,已支付
20217210,usr_362,***上海北区事业部,上海,深度服****,员工,正式,2022/9/19 00:00,未申领,已申购,已支付
20217514,usr_363,***上海浦东事业部,上海,上海深度服****,员工,正式,2022/9/27 00:00,未申领,已申购,已支付
20217895,usr_364,***浙江事业部,杭州,家师傅杭州****,员工,正式,2022/10/8 00:00,未申领,已申购,已支付
20218074,usr_365,***上海浦东事业部,上海,深度服****,员工,正式,2022/10/13 00:00,未申领,已申购,已支付
20218267,usr_366,***收纳即刻事业部,北京,北京收纳****,员工,正式,2022/10/19 00:00,未申领,已申购,已支付
20219103,usr_367,***苏南事业部,无锡,深度服****,站长,正式,2022/11/1 00:00,未申领,已申购,已支付
20219566,usr_368,***浙江事业部,杭州,深度服****,员工,正式,2022/11/23 00:00,未申领,已申购,已支付
20219820,usr_369,***苏北事业部,南京,深度服****,员工,正式,2024/12/25 00:00,未申领,已申购,已支付
20220008,usr_370,***川渝事业部,成都,深度服****,员工,正式,2023/1/2 00:00,未申领,未申购,
20220143,usr_371,***上海浦西事业部,上海,上海搬****,员工,正式,2023/2/6 00:00,未申领,已申购,已支付
20220153,usr_372,***深圳事业部,深圳,家师傅深圳深度服****,员工,正式,2023/2/15 00:00,未申领,已申购,已支付
20220154,usr_373,***深圳事业部,深圳,深度服****,员工,正式,2023/2/13 00:00,未申领,已申购,已支付
20220332,usr_374,***浙江事业部,杭州,深度服****,员工,正式,2023/2/12 00:00,未申领,已申购,已支付
20220490,usr_375,***深圳事业部,深圳,家师傅深圳深度服****,员工,正式,2023/2/20 00:00,未申领,已申购,已支付
20220561,usr_376,***北京事业部,北京,深度服****,员工,正式,2023/2/18 00:00,未申领,已申购,已支付
20220577,usr_377,***北京事业部,北京,深度服****,员工,正式,2023/2/18 00:00,未申领,已申购,已支付
20220580,usr_378,***深圳事业部,深圳,家师傅深圳深度服****,员工,正式,2023/2/20 00:00,未申领,未申购,
20220593,usr_379,***上海浦西事业部,上海,深度服****,员工,正式,2023/2/18 00:00,未申领,已申购,已支付
20220657,usr_380,***浙江事业部,杭州,深度服****,员工,正式,2023/2/16 00:00,未申领,已申购,已支付
20220823,usr_381,***上海北区事业部,上海,深度服****,员工,正式,2025/4/18 00:00,未申领,未申购,
20220824,usr_382,***上海北区事业部,上海,深度服****,员工,正式,2023/2/16 00:00,未申领,已申购,已支付
20220964,usr_383,***深圳事业部,深圳,深度服****,员工,正式,2023/2/23 00:00,未申领,已申购,已支付
20221092,usr_384,***上海浦东事业部,上海,深度服****,员工,正式,2023/2/21 00:00,未申领,已申购,已支付
20221313,usr_385,***收纳即刻事业部,杭州,杭州收纳****,员工,正式,2023/2/23 00:00,未申领,已申购,已支付
20221314,usr_386,***收纳即刻事业部,杭州,杭州收纳****,员工,正式,2023/2/23 00:00,未申领,已申购,已支付
20221326,usr_387,***浙江事业部,宁波,家师傅宁波****,带单师父,正式,2023/2/21 00:00,未申领,已申购,已支付
20221625,usr_388,***厦门事业部,厦门,厦门深度服****,员工,正式,2025/9/11 00:00,未申领,已申购,已支付
20221860,usr_389,***上海浦西事业部,上海,深度服****,带单师父,正式,2023/2/26 00:00,未申领,已申购,已支付
20221866,usr_390,***浙江事业部,杭州,家师傅杭州****,员工,正式,2023/3/1 00:00,未申领,已申购,已支付
20222264,usr_391,***上海浦西事业部,上海,上海搬****,其他职员,正式,2023/3/9 00:00,未申领,未申购,
20222405,usr_392,***上海北区事业部,上海,深度服****,员工,正式,2023/3/8 00:00,未申领,已申购,已支付
20222666,usr_393,***北京事业部,北京,深度服****,员工,正式,2023/3/16 00:00,未申领,已申购,已支付
20222700,usr_394,***深圳事业部,深圳,深度服****,员工,正式,2023/3/14 00:00,未申领,已申购,已支付
20222732,usr_395,***上海浦东事业部,上海,深度服****,员工,正式,2023/3/14 00:00,未申领,已申购,已支付
20222735,usr_396,***上海浦东事业部,上海,深度服****,员工,正式,2023/3/14 00:00,未申领,已申购,已支付
20223056,usr_397,***苏南事业部,南通,深度服****,站长,正式,2023/3/14 00:00,未申领,已申购,已支付
20223494,usr_398,***北京事业部,北京,深度服务****,员工,正式,2023/3/31 00:00,未申领,已申购,已支付
20223737,usr_399,***华中事业部,武汉,武汉深度服务****,员工,正式,2023/3/31 00:00,未申领,已申购,已支付
20224030,usr_400,***上海浦西事业部,上海,上海搬****,员工,正式,2023/4/27 00:00,未申领,未申购,
20224180,usr_401,***北京事业部,北京,深度服务****,员工,正式,2023/4/19 00:00,未申领,已申购,已支付
20224192,usr_402,***上海浦东事业部,上海,深度服****,员工,正式,2025/3/16 00:00,未申领,已申购,已支付
20224193,usr_403,***上海浦东事业部,上海,深度服****,员工,正式,2023/4/23 00:00,未申领,已申购,已支付
20224338,usr_404,***苏北事业部,南京,深度服****,员工,正式,2023/5/15 00:00,未申领,已申购,已支付
20224456,usr_405,***华中事业部,武汉,武汉深度服务****,储备培训师,正式,2023/5/6 00:00,未申领,已申购,已支付
20224747,usr_406,***北京事业部,北京,深度服****,员工,正式,2023/5/16 00:00,未申领,已申购,已支付
20224896,usr_407,***上海浦西事业部,上海,深度服****,员工,正式,2024/4/9 00:00,未申领,已申购,已支付
20224938,usr_408,***北京事业部,北京,深度服****,其他职员,正式,2024/10/20 00:00,未申领,已申购,已支付
20225131,usr_409,***北京事业部,北京,深度服****,站长,正式,2023/6/9 00:00,未申领,已申购,已支付
20225180,usr_410,***浙江事业部,宁波,家师傅宁波****,员工,正式,2025/10/21 00:00,未申领,未申购,
20225624,usr_411,***北京事业部,北京,深度服务****,培训师,正式,2023/6/24 00:00,未申领,已申购,已支付
20226744,usr_412,***上海浦西事业部,上海,上海搬****,员工,正式,2023/8/25 00:00,未申领,已申购,已支付
20227953,usr_413,***北京事业部,北京,深度服务****,员工,正式,2023/9/28 00:00,未申领,已申购,已支付
20228046,usr_414,***收纳即刻事业部,上海,上海收纳****,员工,正式,2025/10/22 00:00,未申领,已申购,已支付
20228055,usr_415,***收纳即刻事业部,上海,上海收纳****,员工,正式,2025/10/22 00:00,未申领,已申购,已支付
20228056,usr_416,***华中事业部,武汉,武汉深度服务****,站长,正式,2023/9/30 00:00,未申领,已申购,已支付
20228638,usr_417,***收纳即刻事业部,杭州,杭州收纳****,员工,正式,2023/10/22 00:00,未申领,已申购,已支付
20228985,usr_418,***收纳即刻事业部,北京,北京收纳****,员工,正式,2023/10/31 00:00,未申领,已申购,已支付
20229318,usr_419,***苏南事业部,无锡,深度服****,员工,正式,2023/11/3 00:00,未申领,已申购,已支付
20229366,usr_420,***北京事业部,青岛,家师傅青岛****,带单师父,正式,2023/11/7 00:00,未申领,已申购,已支付
20229579,usr_421,***上海浦西事业部,上海,深度服****,员工,正式,2023/11/13 00:00,未申领,已申购,已支付
20229645,usr_422,***收纳即刻事业部,北京,北京收纳****,员工,正式,2023/11/17 00:00,未申领,已申购,已支付
20229792,usr_423,***苏南事业部,苏州,家师傅苏州****,员工,正式,2023/11/24 00:00,未申领,已申购,已支付
20229863,usr_424,***上海浦东事业部,上海,深度服****,员工,正式,2023/11/26 00:00,未申领,已申购,已支付
20229869,usr_425,***北京事业部,北京,深度服****,员工,正式,2023/12/13 00:00,未申领,已申购,已支付
20230206,usr_426,***苏北事业部,南京,深度服****,员工,正式,2023/12/23 00:00,未申领,已申购,已支付
20230223,usr_427,***广佛事业部,佛山,深度服务城****,站长,正式,2023/12/19 00:00,未申领,已申购,已支付
20230247,usr_428,***苏北事业部,南京,深度服****,员工,正式,2023/12/23 00:00,未申领,未申购,
20230256,usr_429,***川渝事业部,成都,深度服****,员工,正式,2023/12/29 00:00,未申领,已申购,已支付
20230337,usr_430,***川渝事业部,成都,深度服****,员工,正式,2024/1/2 00:00,未申领,未申购,
20230355,usr_431,***上海浦西事业部,上海,家师傅上海浦西****,员工,正式,2024/1/11 00:00,未申领,已申购,已支付
20230378,usr_432,***收纳即刻事业部,杭州,杭州收纳****,员工,正式,2024/1/23 00:00,未申领,已申购,已支付
20230388,usr_433,***北京事业部,北京,深度服****,员工,正式,2024/10/15 00:00,未申领,未申购,
20230393,usr_434,***苏南事业部,无锡,深度服****,员工,正式,2024/1/18 00:00,未申领,已申购,已支付
20230395,usr_435,***苏南事业部,南通,深度服****,员工,正式,2024/1/5 00:00,未申领,已申购,已支付
20230416,usr_436,***苏南事业部,南通,深度服****,员工,正式,2024/1/6 00:00,未申领,未申购,
20230450,usr_437,***川渝事业部,成都,深度服****,员工,正式,2024/1/8 00:00,未申领,未申购,
20230451,usr_438,***川渝事业部,成都,深度服****,员工,正式,2024/1/8 00:00,未申领,未申购,
20230459,usr_439,***北京事业部,青岛,深度服****,员工,正式,2024/1/9 00:00,未申领,未申购,
20230560,usr_440,***川渝事业部,成都,深度服****,站长,正式,2024/1/10 00:00,未申领,已申购,已支付
20230564,usr_441,***苏南事业部,南通,深度服****,员工,正式,2024/1/13 00:00,未申领,已申购,已支付
20230582,usr_442,***川渝事业部,成都,深度服****,员工,正式,2024/1/12 00:00,未申领,未申购,
20230622,usr_443,***苏南事业部,南通,深度服****,员工,正式,2024/1/15 00:00,未申领,未申购,
20230624,usr_444,***川渝事业部,成都,深度服****,员工,正式,2024/1/15 00:00,未申领,未申购,
20230674,usr_445,***川渝事业部,成都,深度服****,员工,正式,2024/1/15 00:00,未申领,未申购,
20230690,usr_446,***苏北事业部,南京,家师傅南京****,员工,正式,2024/1/15 00:00,未申领,已申购,已支付
20230824,usr_447,***北京事业部,北京,深度服****,员工,正式,2024/1/19 00:00,未申领,未申购,
20230838,usr_448,***苏南事业部,南通,深度服****,员工,正式,2024/1/18 00:00,未申领,未申购,
20230854,usr_449,***福州事业部,福州,家师傅福州****,员工,正式,2025/11/14 00:00,未申领,已申购,已支付
20230864,usr_450,***川渝事业部,成都,深度服****,员工,正式,2024/1/20 00:00,未申领,未申购,
20230916,usr_451,***苏南事业部,苏州,家师傅苏州****,员工,正式,2024/1/20 00:00,未申领,已申购,已支付
20230960,usr_452,***北京事业部,青岛,深度服****,员工,正式,2024/1/23 00:00,未申领,未申购,
20230965,usr_453,***上海北区事业部,上海,深度服****,员工,正式,2024/3/19 00:00,未申领,未申购,
20230990,usr_454,***浙江事业部,宁波,深度服****,员工,正式,2024/1/25 00:00,未申领,未申购,
20231007,usr_455,***上海北区事业部,上海,深度服****,员工,正式,2024/1/28 00:00,未申领,未申购,
20231055,usr_456,***上海浦西事业部,上海,深度服****,员工,正式,2024/1/28 00:00,未申领,未申购,
20231126,usr_457,***川渝事业部,成都,深度服****,员工,正式,2024/2/3 00:00,未申领,未申购,
20231129,usr_458,***苏南事业部,苏州,深度服****,员工,正式,2024/2/3 00:00,未申领,未申购,
20231211,usr_459,***苏北事业部,南京,深度服****,员工,正式,2024/2/29 00:00,未申领,已申购,已支付
20231212,usr_460,***上海浦西事业部,上海,深度服****,员工,正式,2024/2/27 00:00,未申领,已申购,已支付
20231281,usr_461,***上海浦西事业部,上海,深度服****,带单师父,正式,2024/3/2 00:00,未申领,已申购,已支付
20231297,usr_462,***深圳事业部,深圳,家师傅深圳深度服****,员工,正式,2024/3/1 00:00,未申领,已申购,已支付
20231421,usr_463,***浙江事业部,宁波,深度服****,员工,正式,2024/3/1 00:00,未申领,未申购,
20231452,usr_464,***华中事业部,武汉,武汉深度服务****,员工,正式,2024/3/2 00:00,未申领,未申购,
20231516,usr_465,***苏南事业部,苏州,家师傅苏州****,员工,正式,2024/3/9 00:00,未申领,已申购,已支付
20231580,usr_466,***上海浦西事业部,上海,深度服****,员工,正式,2024/3/6 00:00,未申领,已申购,已支付
20231597,usr_467,***上海北区事业部,上海,深度服****,员工,正式,2024/3/9 00:00,未申领,已申购,已支付
20231626,usr_468,***上海浦东事业部,上海,家师傅上海浦东****,员工,正式,2024/3/7 00:00,未申领,已申购,已支付
20231634,usr_469,***川渝事业部,成都,深度服****,员工,正式,2024/3/5 00:00,未申领,未申购,
20231647,usr_470,***浙江事业部,杭州,深度服****,员工,正式,2024/3/12 00:00,未申领,已申购,已支付
20231703,usr_471,***上海浦西事业部,上海,深度服****,员工,正式,2024/3/7 00:00,未申领,已申购,已支付
20231927,usr_472,***华中事业部,长沙,深度服****,员工,正式,2024/3/26 00:00,未申领,已申购,已支付
20231941,usr_473,***苏南事业部,苏州,深度服****,员工,正式,2024/3/9 00:00,未申领,已申购,已支付
20231946,usr_474,***苏南事业部,南通,深度服****,员工,正式,2024/3/11 00:00,未申领,未申购,
20231955,usr_475,***上海北区事业部,上海,家师傅上海浦西****,员工,正式,2024/3/26 00:00,未申领,已申购,已支付
20231963,usr_476,***广佛事业部,广州,家师傅广州****,员工,正式,2024/12/10 00:00,未申领,已申购,已支付
20231964,usr_477,***广佛事业部,广州,深度服****,员工,正式,2025/10/24 00:00,未申领,已申购,已支付
20232040,usr_478,***上海北区事业部,上海,深度服****,员工,正式,2024/3/11 00:00,未申领,已申购,已支付
20232134,usr_479,***北京事业部,北京,深度服务****,带单师父,正式,2024/3/21 00:00,未申领,已申购,已支付
20232161,usr_480,***川渝事业部,成都,深度服****,员工,正式,2024/3/15 00:00,未申领,已申购,已支付
20232163,usr_481,***川渝事业部,成都,深度服****,员工,正式,2024/3/21 00:00,未申领,已申购,已支付
20232172,usr_482,***川渝事业部,成都,深度服****,员工,正式,2024/3/15 00:00,未申领,已申购,已支付
20232214,usr_483,***浙江事业部,宁波,深度服****,员工,正式,2024/3/15 00:00,未申领,已申购,已支付
20232310,usr_484,***上海浦西事业部,上海,上海搬****,员工,正式,2024/3/15 00:00,未申领,未申购,
20232325,usr_485,***上海北区事业部,上海,深度服****,员工,正式,2024/3/15 00:00,未申领,已申购,已支付
20232336,usr_486,***川渝事业部,成都,深度服****,员工,正式,2024/3/19 00:00,未申领,未申购,
20232346,usr_487,***上海浦东事业部,上海,深度服****,员工,正式,2024/4/20 00:00,未申领,已申购,已支付
20232457,usr_488,***浙江事业部,杭州,深度服****,员工,正式,2024/3/28 00:00,未申领,已申购,已支付
20232458,usr_489,***上海北区事业部,上海,深度服****,员工,正式,2024/3/17 00:00,未申领,已申购,已支付
20232484,usr_490,***上海浦东事业部,上海,上海深度服****,员工,正式,2024/3/18 00:00,未申领,已申购,已支付
20232559,usr_491,***上海北区事业部,上海,深度服****,员工,正式,2024/3/19 00:00,未申领,已申购,已支付
20232568,usr_492,***苏南事业部,苏州,深度服****,员工,正式,2024/3/30 00:00,未申领,未申购,
20232699,usr_493,***广佛事业部,广州,深度服****,站长,正式,2024/3/23 00:00,未申领,已申购,已支付
20232722,usr_494,***广佛事业部,佛山,深度服务城****,员工,正式,2024/3/26 00:00,未申领,已申购,已支付
20232815,usr_495,***深圳事业部,深圳,深度服****,员工,正式,2024/3/25 00:00,未申领,已申购,已支付
20232860,usr_496,***川渝事业部,成都,深度服****,员工,正式,2024/3/26 00:00,未申领,未申购,
20232863,usr_497,***收纳即刻事业部,北京,北京收纳****,员工,正式,2024/4/3 00:00,未申领,已申购,已支付
20233042,usr_498,***北京事业部,北京,深度服务****,站长,正式,2024/4/10 00:00,未申领,已申购,已支付
20233053,usr_499,***上海浦西事业部,上海,深度服****,员工,正式,2025/9/9 00:00,未申领,已申购,已支付
20233104,usr_500,***福州事业部,福州,深度服****,员工,正式,2024/4/2 00:00,未申领,未申购,
20233167,usr_501,***川渝事业部,成都,深度服****,员工,正式,2024/4/24 00:00,未申领,未申购,
20233308,usr_502,***苏南事业部,苏州,深度服****,员工,正式,2024/4/7 00:00,未申领,已申购,已支付
20233360,usr_503,***深圳事业部,深圳,家师傅深圳深度服****,员工,正式,2024/4/10 00:00,未申领,已申购,已支付
20233384,usr_504,***华中事业部,武汉,家师傅武汉维修****,带单师父,正式,2024/4/8 00:00,未申领,已申购,已支付
20233403,usr_505,***北京事业部,北京,家师傅北京****,带单师父,正式,2024/4/12 00:00,未申领,已申购,已支付
20233418,usr_506,***川渝事业部,成都,深度服****,员工,正式,2024/4/27 00:00,未申领,未申购,
20233469,usr_507,***上海北区事业部,上海,深度服****,员工,正式,2025/12/19 00:00,未申领,未申购,
20233490,usr_508,***川渝事业部,重庆,重庆家师****,员工,正式,2024/4/17 00:00,未申领,未申购,
20233502,usr_509,***华中事业部,武汉,武汉深度服务****,员工,正式,2024/4/17 00:00,未申领,未申购,
20233623,usr_510,***苏北事业部,南京,深度服****,员工,正式,2024/4/17 00:00,未申领,已申购,已支付
20233636,usr_511,***福州事业部,福州,家师傅福州****,员工,正式,2024/4/24 00:00,未申领,已申购,已支付
20233692,usr_512,***上海北区事业部,上海,深度服****,员工,正式,2025/5/6 00:00,未申领,未申购,
20233697,usr_513,***浙江事业部,杭州,家师傅杭州深度服****,员工,正式,2024/4/23 00:00,未申领,已申购,已支付
20233701,usr_514,***深圳事业部,深圳,家师傅深圳深度服****,员工,正式,2025/3/16 00:00,未申领,未申购,
20233748,usr_515,***浙江事业部,杭州,深度服****,员工,正式,2024/4/23 00:00,未申领,未申购,
20233760,usr_516,***苏南事业部,苏州,深度服****,员工,正式,2024/4/24 00:00,未申领,未申购,
20233812,usr_517,***北京事业部,北京,深度服****,员工,正式,2024/4/22 00:00,未申领,已申购,已支付
20233826,usr_518,***苏北事业部,南京,家师傅南京****,员工,正式,2024/4/22 00:00,未申领,已申购,已支付
20233844,usr_519,***北京事业部,北京,深度服****,员工,正式,2024/4/21 00:00,未申领,已申购,已支付
20233918,usr_520,***深圳事业部,深圳,深度服****,员工,正式,2024/4/28 00:00,未申领,已申购,已支付
20233927,usr_521,***深圳事业部,深圳,深度服****,员工,正式,2025/10/18 00:00,未申领,已申购,已支付
20233945,usr_522,***北京事业部,北京,深度服****,员工,正式,2024/4/30 00:00,未申领,已申购,已支付
20233950,usr_523,***苏南事业部,苏州,深度服****,员工,正式,2024/6/18 00:00,未申领,未申购,
20234010,usr_524,***福州事业部,福州,深度服****,员工,正式,2024/4/30 00:00,未申领,已申购,已支付
20234019,usr_525,***苏南事业部,苏州,深度服****,员工,正式,2024/4/29 00:00,未申领,未申购,
20234038,usr_526,***苏北事业部,南京,家师傅南京****,员工,正式,2024/4/29 00:00,未申领,已申购,已支付
20234039,usr_527,***苏北事业部,南京,深度服****,员工,正式,2024/5/3 00:00,未申领,已申购,已支付
20234046,usr_528,***上海浦东事业部,上海,深度服****,员工,正式,2024/4/29 00:00,未申领,已申购,已支付
20234159,usr_529,***华中事业部,长沙,深度服****,员工,正式,2024/5/5 00:00,未申领,未申购,
20234162,usr_530,***华中事业部,长沙,深度服****,员工,正式,2024/4/30 00:00,未申领,已申购,已支付
20234164,usr_531,***苏南事业部,南通,深度服****,员工,正式,2024/5/1 00:00,未申领,未申购,
20234169,usr_532,***浙江事业部,杭州,家师傅杭州深度服****,员工,正式,2024/5/1 00:00,未申领,已申购,已支付
20234179,usr_533,***上海浦东事业部,上海,家师傅上海浦东****,储备站长,正式,2024/5/1 00:00,未申领,已申购,已支付
20234180,usr_534,***深圳事业部,深圳,家师傅深圳****,员工,正式,2024/5/12 00:00,未申领,已申购,已支付
20234182,usr_535,***上海北区事业部,上海,深度服****,员工,正式,2024/5/5 00:00,未申领,已申购,已支付
20234209,usr_536,***广佛事业部,佛山,深度服务城****,员工,正式,2025/4/1 00:00,未申领,未申购,
20234248,usr_537,***苏南事业部,苏州,深度服****,员工,正式,2025/6/6 00:00,未申领,未申购,
20234402,usr_538,***上海浦东事业部,上海,深度服****,员工,正式,2024/5/13 00:00,未申领,已申购,已支付
20234429,usr_539,***上海北区事业部,上海,深度服****,员工,正式,2024/5/16 00:00,未申领,已申购,已支付
20234470,usr_540,***收纳即刻事业部,上海,上海收纳****,员工,正式,2024/5/15 00:00,未申领,已申购,已支付
20234527,usr_541,***浙江事业部,杭州,家师傅杭州****,带单师父,正式,2024/5/21 00:00,未申领,已申购,已支付
20234531,usr_542,***浙江事业部,宁波,深度服****,员工,正式,2024/5/12 00:00,未申领,已申购,已支付
20234599,usr_543,***苏北事业部,南京,家师傅南京深度服****,站长,正式,2024/5/16 00:00,未申领,已申购,已支付
20234630,usr_544,***华中事业部,武汉,武汉深度服务****,员工,正式,2025/4/22 00:00,未申领,未申购,
20234644,usr_545,***苏南事业部,苏州,深度服****,员工,正式,2024/5/18 00:00,未申领,未申购,
20234645,usr_546,***上海浦西事业部,上海,深度服****,员工,正式,2024/5/20 00:00,未申领,未申购,待支付
20234656,usr_547,***苏北事业部,南京,深度服****,员工,正式,2025/12/17 00:00,未申领,未申购,
20234679,usr_548,***厦门事业部,厦门,深度服****,员工,正式,2025/11/20 00:00,未申领,已申购,已支付
20234685,usr_549,***上海浦东事业部,上海,深度服****,员工,正式,2024/5/21 00:00,未申领,已申购,已支付
20234771,usr_550,***苏北事业部,南京,家师傅南京****,员工,正式,2024/5/20 00:00,未申领,已申购,已支付
20234776,usr_551,***苏南事业部,苏州,深度服****,员工,正式,2024/5/24 00:00,未申领,未申购,
20234800,usr_552,***浙江事业部,杭州,深度服****,员工,正式,2024/5/28 00:00,未申领,未申购,
20234821,usr_553,***华中事业部,长沙,深度服****,员工,正式,2024/5/26 00:00,未申领,未申购,
20234853,usr_554,***上海浦东事业部,上海,深度服****,员工,正式,2024/5/25 00:00,未申领,已申购,已支付
20234876,usr_555,***苏南事业部,苏州,深度服****,员工,正式,2024/5/25 00:00,未申领,已申购,已支付
20234893,usr_556,***上海浦西事业部,上海,深度服****,员工,正式,2024/5/29 00:00,未申领,已申购,已支付
20234917,usr_557,***苏北事业部,南京,深度服****,员工,正式,2024/5/28 00:00,未申领,已申购,已支付
20235131,usr_558,***华中事业部,武汉,武汉深度服务****,员工,正式,2024/6/18 00:00,未申领,未申购,
20235149,usr_559,***上海北区事业部,上海,深度服****,员工,正式,2024/6/11 00:00,未申领,未申购,
20235170,usr_560,***上海浦东事业部,上海,深度服****,员工,正式,2024/6/5 00:00,未申领,未申购,
20235187,usr_561,***上海浦西事业部,上海,深度服****,员工,正式,2024/6/12 00:00,未申领,已申购,已支付
20235193,usr_562,***广佛事业部,广州,家师傅深度服****,员工,正式,2024/6/19 00:00,未申领,已申购,已支付
20235299,usr_563,***上海北区事业部,上海,深度服****,员工,正式,2024/6/30 00:00,未申领,未申购,
20235329,usr_564,***苏南事业部,无锡,家师傅无锡****,员工,正式,2024/6/20 00:00,未申领,已申购,已支付
20235330,usr_565,***苏南事业部,无锡,深度服****,员工,正式,2024/6/20 00:00,未申领,已申购,已支付
20235346,usr_566,***浙江事业部,杭州,深度服****,员工,正式,2024/7/5 00:00,未申领,已申购,已支付
20235349,usr_567,***华中事业部,武汉,武汉深度服务****,员工,正式,2025/12/15 00:00,未申领,已申购,已支付
20235360,usr_568,***川渝事业部,成都,深度服****,员工,正式,2024/6/26 00:00,未申领,未申购,
20235377,usr_569,***北京事业部,北京,深度服****,员工,正式,2024/7/1 00:00,未申领,已申购,已支付
20235820,usr_570,***上海北区事业部,上海,深度服****,员工,正式,2024/7/15 00:00,未申领,已申购,已支付
20236117,usr_571,***上海浦东事业部,上海,深度服****,员工,正式,2024/7/27 00:00,未申领,已申购,已支付
20236409,usr_572,***广佛事业部,广州,家师傅广州****,员工,正式,2024/8/13 00:00,未申领,已申购,已支付
20236433,usr_573,***广佛事业部,广州,深度服****,其他职员,正式,2024/8/13 00:00,未申领,未申购,
20236590,usr_574,***华中事业部,武汉,武汉深度服务****,员工,正式,2024/9/5 00:00,未申领,已申购,已支付
20236655,usr_575,***收纳即刻事业部,北京,北京收纳****,员工,正式,2024/9/4 00:00,未申领,已申购,已支付
20236835,usr_576,***收纳即刻事业部,杭州,杭州收纳****,员工,正式,2024/9/22 00:00,未申领,已申购,已支付
20237236,usr_577,***厦门事业部,泉州,深度服****,员工,正式,2024/9/22 00:00,未申领,未申购,
20237413,usr_578,***收纳即刻事业部,北京,即刻服务北****,员工,正式,2025/11/3 00:00,未申领,已申购,已支付
20237541,usr_579,***北京事业部,青岛,家师傅青岛****,带单师父,正式,2024/9/21 00:00,未申领,已申购,已支付
20237690,usr_580,***收纳即刻事业部,杭州,杭州收纳****,员工,正式,2024/10/22 00:00,未申领,已申购,已支付
20237758,usr_581,***北京事业部,北京,家师傅北京****,员工,正式,2024/11/1 00:00,未申领,已申购,已支付
20238150,usr_582,***收纳即刻事业部,上海,上海收纳****,员工,正式,2024/10/22 00:00,未申领,已申购,已支付
20238576,usr_583,***川渝事业部,成都,深度服****,员工,正式,2024/10/26 00:00,未申领,未申购,
20238656,usr_584,***上海浦西事业部,上海,上海搬****,员工,正式,2024/10/8 00:00,未申领,未申购,
20238971,usr_585,***厦门事业部,厦门,厦门深度服****,储备站长,正式,2024/10/16 00:00,未申领,已申购,已支付
20238993,usr_586,***北京事业部,青岛,深度服****,员工,正式,2024/10/19 00:00,未申领,已申购,已支付
20239071,usr_587,***苏南事业部,无锡,深度服****,其他职员,正式,2024/10/12 00:00,未申领,未申购,
20239296,usr_588,***收纳即刻事业部,上海,上海收纳****,员工,正式,2024/10/18 00:00,未申领,已申购,已支付
20239561,usr_589,***收纳即刻事业部,上海,上海收纳****,员工,正式,2025/12/16 00:00,未申领,已申购,已支付
20239577,usr_590,***上海北区事业部,上海,深度服****,员工,正式,2024/10/22 00:00,未申领,已申购,已支付
20239787,usr_591,***上海浦西事业部,上海,家师傅上海浦西****,员工,正式,2024/11/2 00:00,未申领,已申购,已支付
20240061,usr_592,***上海浦西事业部,上海,深度服****,员工,正式,2024/11/24 00:00,未申领,已申购,已支付
20240182,usr_593,***苏北事业部,南京,深度服****,员工,正式,2025/12/16 00:00,未申领,已申购,已支付
20240247,usr_594,***苏北事业部,南京,深度服****,员工,正式,2024/11/8 00:00,未申领,已申购,已支付
20240256,usr_595,***上海浦东事业部,上海,深度服****,员工,正式,2024/11/14 00:00,未申领,已申购,已支付
20240304,usr_596,***华中事业部,武汉,武汉深度服务****,员工,正式,2024/11/15 00:00,未申领,未申购,
20240587,usr_597,***厦门事业部,厦门,深度服****,员工,正式,2025/1/11 00:00,未申领,未申购,
20240609,usr_598,***收纳即刻事业部,深圳,深圳收纳****,员工,正式,2024/12/13 00:00,未申领,已申购,已支付
20240664,usr_599,***浙江事业部,杭州,深度服****,员工,正式,2024/11/27 00:00,未申领,已申购,已支付
20240693,usr_600,***苏北事业部,南京,深度服****,员工,正式,2025/10/26 00:00,未申领,已申购,已支付
20240699,usr_601,***苏北事业部,南京,深度服****,员工,正式,2025/11/8 00:00,未申领,已申购,已支付
20240703,usr_602,***上海浦西事业部,上海,上海深度服****,员工,正式,2024/12/18 00:00,未申领,已申购,已支付
20240729,usr_603,***上海浦西事业部,上海,深度服****,员工,正式,2025/2/23 00:00,未申领,已申购,已支付
20240733,usr_604,***广佛事业部,广州,家师傅深度服****,员工,正式,2025/12/16 00:00,未申领,已申购,已支付
20240805,usr_605,***苏南事业部,无锡,深度服****,员工,正式,2024/12/5 00:00,未申领,未申购,
20240857,usr_606,***深圳事业部,深圳,深度服****,员工,正式,2025/12/15 00:00,未申领,已申购,已支付
20240874,usr_607,***苏南事业部,无锡,深度服****,员工,正式,2024/12/6 00:00,未申领,未申购,
20240887,usr_608,***苏南事业部,无锡,深度服****,员工,正式,2025/1/9 00:00,未申领,未申购,
20240891,usr_609,***上海浦东事业部,上海,深度服****,员工,正式,2024/12/12 00:00,未申领,已申购,已支付
20240902,usr_610,***收纳即刻事业部,广州,广州收纳****,员工,正式,2025/11/5 00:00,未申领,已申购,已支付
20240983,usr_611,***北京事业部,青岛,深度服****,员工,正式,2024/12/13 00:00,未申领,已申购,已支付
20240988,usr_612,***苏南事业部,苏州,深度服****,员工,正式,2024/12/9 00:00,未申领,已申购,已支付
20240993,usr_613,***苏南事业部,南通,深度服****,员工,正式,2024/12/8 00:00,未申领,未申购,
20240995,usr_614,***上海北区事业部,上海,深度服****,员工,正式,2024/12/11 00:00,未申领,未申购,
20240998,usr_615,***川渝事业部,成都,深度服****,员工,正式,2024/12/21 00:00,未申领,未申购,
20241110,usr_616,***浙江事业部,杭州,深度服****,员工,正式,2024/12/13 00:00,未申领,已申购,已支付
20241115,usr_617,***上海浦东事业部,上海,深度服****,员工,正式,2024/12/12 00:00,未申领,已申购,已支付
20241140,usr_618,***厦门事业部,泉州,深度服****,员工,正式,2024/12/24 00:00,未申领,未申购,
20241143,usr_619,***深圳事业部,深圳,深度服****,员工,正式,2024/12/14 00:00,未申领,已申购,已支付
20241202,usr_620,***厦门事业部,泉州,深度服****,员工,正式,2024/12/16 00:00,未申领,未申购,
20241215,usr_621,***上海浦东事业部,上海,家师傅上海浦东****,员工,正式,2024/12/15 00:00,未申领,已申购,已支付
20241217,usr_622,***上海浦东事业部,上海,深度服****,员工,正式,2024/12/18 00:00,未申领,已申购,已支付
20241261,usr_623,***上海北区事业部,上海,深度服****,员工,正式,2024/12/20 00:00,未申领,未申购,
20241264,usr_624,***苏南事业部,苏州,深度服****,员工,正式,2024/12/21 00:00,未申领,未申购,
20241276,usr_625,***浙江事业部,杭州,深度服****,其他职员,正式,2019/4/9 00:00,未申领,已申购,已支付
20241285,usr_626,***苏北事业部,南京,深度服****,员工,正式,2025/11/8 00:00,未申领,已申购,已支付
20241334,usr_627,***浙江事业部,宁波,深度服****,员工,正式,2024/12/23 00:00,未申领,已申购,已支付
20241384,usr_628,***福州事业部,福州,深度服****,员工,正式,2025/12/10 00:00,未申领,已申购,已支付
20241410,usr_629,***苏南事业部,苏州,深度服****,员工,正式,2024/12/25 00:00,未申领,未申购,
20241411,usr_630,***上海浦西事业部,上海,深度服****,员工,正式,2024/12/26 00:00,未申领,已申购,已支付
20241414,usr_631,***浙江事业部,杭州,深度服****,员工,正式,2024/12/20 00:00,未申领,未申购,
20241428,usr_632,***川渝事业部,成都,深度服****,员工,正式,2024/12/24 00:00,未申领,未申购,
20241430,usr_633,***广佛事业部,佛山,深度服务城****,员工,正式,2025/3/13 00:00,未申领,未申购,
20241437,usr_634,***浙江事业部,宁波,深度服****,员工,正式,2024/12/23 00:00,未申领,未申购,
20241444,usr_635,***上海浦西事业部,上海,深度服****,员工,正式,2024/12/27 00:00,未申领,已申购,已支付
20241474,usr_636,***北京事业部,青岛,深度服****,员工,正式,2024/12/22 00:00,未申领,已申购,已支付
20241510,usr_637,***厦门事业部,泉州,深度服****,员工,正式,2024/12/31 00:00,未申领,未申购,
20241538,usr_638,***上海浦东事业部,上海,深度服****,员工,正式,2024/12/31 00:00,未申领,已申购,已支付
20241554,usr_639,***川渝事业部,成都,家师傅成都****,员工,正式,2025/11/20 00:00,未申领,已申购,已支付
20241555,usr_640,***川渝事业部,成都,深度服****,员工,正式,2025/1/1 00:00,未申领,未申购,
20241557,usr_641,***华中事业部,武汉,武汉深度服务****,员工,正式,2024/12/31 00:00,未申领,未申购,
20241629,usr_642,***广佛事业部,佛山,深度服务城****,员工,正式,2025/1/1 00:00,未申领,未申购,
20241634,usr_643,***浙江事业部,杭州,深度服****,员工,正式,2025/1/4 00:00,未申领,已申购,已支付
20241677,usr_644,***浙江事业部,杭州,家师傅杭州深度服****,员工,正式,2025/1/4 00:00,未申领,已申购,已支付
20241702,usr_645,***浙江事业部,宁波,深度服****,员工,正式,2025/1/5 00:00,未申领,未申购,
20241705,usr_646,***苏北事业部,南京,深度服****,员工,正式,2025/1/5 00:00,未申领,已申购,已支付
20241780,usr_647,***北京事业部,青岛,深度服****,员工,正式,2025/1/8 00:00,未申领,未申购,
20241888,usr_648,***川渝事业部,成都,深度服****,员工,正式,2025/1/15 00:00,未申领,未申购,
20241898,usr_649,***上海浦东事业部,上海,深度服****,员工,正式,2025/1/16 00:00,未申领,已申购,已支付
20241903,usr_650,***北京事业部,北京,深度服****,员工,正式,2025/1/21 00:00,未申领,未申购,
20241933,usr_651,***北京事业部,北京,深度服****,站长,正式,2021/9/27 00:00,未申领,已申购,已支付
20241969,usr_652,***厦门事业部,泉州,深度服****,员工,正式,2025/1/15 00:00,未申领,未申购,
20241974,usr_653,***厦门事业部,泉州,深度服****,员工,正式,2025/1/15 00:00,未申领,未申购,
20242020,usr_654,***川渝事业部,成都,深度服****,员工,正式,2025/1/17 00:00,未申领,未申购,
20242050,usr_655,***苏南事业部,南通,深度服****,员工,正式,2025/1/15 00:00,未申领,已申购,已支付
20242068,usr_656,***川渝事业部,成都,家师傅成都****,带单师父,正式,2025/1/20 00:00,未申领,已申购,已支付
20242099,usr_657,***上海浦西事业部,上海,深度服****,员工,正式,2025/1/23 00:00,未申领,已申购,已支付
20242150,usr_658,***上海北区事业部,上海,深度服****,员工,正式,2025/1/26 00:00,未申领,未申购,
20242221,usr_659,***浙江事业部,宁波,深度服****,员工,正式,2025/2/15 00:00,未申领,已申购,已支付
20242225,usr_660,***苏南事业部,南通,深度服****,员工,正式,2025/2/14 00:00,未申领,已申购,已支付
20242313,usr_661,***广佛事业部,广州,深度服****,员工,正式,2025/2/21 00:00,未申领,已申购,已支付
20242378,usr_662,***深圳事业部,深圳,深度服****,员工,正式,2025/2/18 00:00,未申领,已申购,已支付
20242387,usr_663,***川渝事业部,成都,深度服****,员工,正式,2025/3/3 00:00,未申领,未申购,
20242414,usr_664,***上海浦东事业部,上海,家师傅上海浦东****,员工,正式,2025/2/24 00:00,未申领,已申购,已支付
20242442,usr_665,***北京事业部,青岛,家师傅青岛****,员工,正式,2025/2/20 00:00,未申领,已申购,已支付
20242526,usr_666,***北京事业部,北京,深度服务****,员工,正式,2025/2/20 00:00,未申领,已申购,已支付
20242676,usr_667,***苏北事业部,南京,深度服****,员工,正式,2025/2/25 00:00,未申领,已申购,已支付
20242716,usr_668,***华中事业部,武汉,武汉深度服务****,员工,正式,2025/3/7 00:00,未申领,已申购,已支付
20242722,usr_669,***广佛事业部,佛山,深度服务城****,员工,正式,2025/3/12 00:00,未申领,未申购,
20242759,usr_670,***深圳事业部,深圳,深度服****,员工,正式,2025/2/25 00:00,未申领,已申购,已支付
20242774,usr_671,***华中事业部,武汉,武汉深度服务****,员工,正式,2025/3/13 00:00,未申领,未申购,
20242797,usr_672,***深圳事业部,深圳,家师傅深圳****,站长,正式,2025/2/27 00:00,未申领,已申购,已支付
20242888,usr_673,***苏南事业部,苏州,家师傅苏州****,员工,正式,2025/2/25 00:00,未申领,已申购,已支付
20242892,usr_674,***川渝事业部,成都,深度服****,员工,正式,2025/3/15 00:00,未申领,未申购,
20243111,usr_675,***华中事业部,武汉,武汉深度服务****,员工,正式,2025/3/12 00:00,未申领,未申购,
20243172,usr_676,***川渝事业部,重庆,重庆家师****,员工,正式,2025/3/5 00:00,未申领,未申购,
20243173,usr_677,***川渝事业部,重庆,重庆家师****,员工,正式,2025/3/4 00:00,未申领,未申购,
20243191,usr_678,***上海北区事业部,上海,深度服****,员工,正式,2025/3/11 00:00,未申领,已申购,已支付
20243192,usr_679,***上海北区事业部,上海,深度服****,员工,正式,2025/3/11 00:00,未申领,已申购,已支付
20243210,usr_680,***厦门事业部,泉州,深度服****,员工,正式,2025/3/22 00:00,未申领,已申购,已支付
20243247,usr_681,***华中事业部,长沙,家师傅长沙维修****,储备培训师,正式,2025/3/26 00:00,未申领,已申购,已支付
20243248,usr_682,***华中事业部,长沙,深度服****,员工,正式,2025/4/2 00:00,未申领,已申购,已支付
20243306,usr_683,***川渝事业部,重庆,重庆家师****,员工,正式,2025/3/14 00:00,未申领,已申购,已支付
20243318,usr_684,***浙江事业部,宁波,深度服****,员工,正式,2025/3/15 00:00,未申领,已申购,已支付
20243372,usr_685,***上海北区事业部,上海,深度服****,员工,正式,2025/3/11 00:00,未申领,已申购,已支付
20243386,usr_686,***川渝事业部,重庆,重庆家师****,员工,正式,2025/3/15 00:00,未申领,已申购,已支付
20243401,usr_687,***收纳即刻事业部,上海,上海收纳****,员工,正式,2025/4/7 00:00,未申领,已申购,已支付
20243402,usr_688,***收纳即刻事业部,上海,上海收纳****,员工,正式,2025/3/24 00:00,未申领,已申购,已支付
20243408,usr_689,***广佛事业部,佛山,深度服务城****,员工,正式,2025/3/19 00:00,未申领,未申购,
20243486,usr_690,***上海北区事业部,上海,深度服****,员工,正式,2025/4/18 00:00,未申领,已申购,已支付
20243499,usr_691,***苏北事业部,南京,深度服****,员工,正式,2025/4/7 00:00,未申领,未申购,
20243583,usr_692,***上海浦东事业部,上海,深度服****,员工,正式,2025/3/23 00:00,未申领,已申购,已支付
20243598,usr_693,***华中事业部,武汉,武汉深度服务****,员工,正式,2025/4/8 00:00,未申领,未申购,
20243625,usr_694,***北京事业部,北京,家师傅北京****,员工,正式,2025/3/21 00:00,未申领,已申购,已支付
20243629,usr_695,***苏北事业部,南京,深度服****,员工,正式,2025/3/30 00:00,未申领,已申购,已支付
20243665,usr_696,***苏南事业部,苏州,深度服****,员工,正式,2025/3/17 00:00,未申领,已申购,已支付
20243671,usr_697,***上海北区事业部,上海,深度服****,员工,正式,2025/3/20 00:00,未申领,已申购,已支付
20243706,usr_698,***福州事业部,福州,家师傅福州****,员工,正式,2025/3/18 00:00,未申领,已申购,已支付
20243727,usr_699,***北京事业部,北京,家师傅北京****,员工,正式,2025/3/22 00:00,未申领,已申购,已支付
20243738,usr_700,***华中事业部,武汉,武汉深度服务****,员工,正式,2025/3/31 00:00,未申领,未申购,
20243742,usr_701,***浙江事业部,杭州,家师傅杭州****,员工,正式,2025/4/3 00:00,未申领,已申购,已支付
20243768,usr_702,***川渝事业部,成都,深度服****,储备培训师,正式,2025/3/31 00:00,未申领,已申购,已支付
20243772,usr_703,***苏南事业部,南通,深度服****,员工,正式,2025/3/25 00:00,未申领,未申购,
20243834,usr_704,***广佛事业部,广州,家师傅深度服****,员工,正式,2025/3/25 00:00,未申领,未申购,
20243843,usr_705,***苏南事业部,苏州,深度服****,员工,正式,2025/3/24 00:00,未申领,已申购,已支付
20243881,usr_706,***浙江事业部,宁波,家师傅宁波****,员工,正式,2025/4/4 00:00,未申领,已申购,已支付
20243925,usr_707,***川渝事业部,重庆,重庆家师****,员工,正式,2025/4/3 00:00,未申领,已申购,已支付
20243936,usr_708,***北京事业部,北京,家师傅北京****,带单师父,正式,2025/4/4 00:00,未申领,已申购,已支付
20243955,usr_709,***深圳事业部,深圳,深度服****,员工,正式,2025/3/26 00:00,未申领,已申购,已支付
20243970,usr_710,***苏南事业部,苏州,深度服****,员工,正式,2025/3/28 00:00,未申领,未申购,
20243976,usr_711,***华中事业部,长沙,深度服****,员工,正式,2025/3/26 00:00,未申领,未申购,
20244020,usr_712,***华中事业部,武汉,武汉深度服务****,员工,正式,2025/4/7 00:00,未申领,未申购,
20244067,usr_713,***川渝事业部,重庆,重庆家师****,员工,正式,2025/4/3 00:00,未申领,未申购,
20244069,usr_714,***川渝事业部,重庆,重庆家师****,员工,正式,2025/4/22 00:00,未申领,未申购,
20244072,usr_715,***苏南事业部,苏州,深度服****,员工,正式,2025/4/15 00:00,未申领,未申购,
20244079,usr_716,***广佛事业部,广州,深度服****,员工,正式,2025/4/2 00:00,未申领,已申购,已支付
20244081,usr_717,***广佛事业部,广州,深度服****,员工,正式,2025/4/2 00:00,未申领,未申购,
20244144,usr_718,***深圳事业部,深圳,家师傅深圳****,带单师父,正式,2025/4/8 00:00,未申领,已申购,已支付
20244151,usr_719,***华中事业部,武汉,家师傅武汉维修****,员工,正式,2025/4/12 00:00,未申领,已申购,已支付
20244230,usr_720,***收纳即刻事业部,北京,北京收纳****,员工,正式,2025/4/25 00:00,未申领,已申购,已支付
20244239,usr_721,***上海北区事业部,上海,深度服****,员工,正式,2025/4/17 00:00,未申领,未申购,
20244255,usr_722,***浙江事业部,杭州,深度服****,员工,正式,2025/4/19 00:00,未申领,已申购,已支付
20244291,usr_723,***上海浦东事业部,上海,深度服****,员工,正式,2025/4/17 00:00,未申领,已申购,已支付
20244336,usr_724,***上海北区事业部,上海,深度服****,员工,正式,2025/4/25 00:00,未申领,未申购,
20244358,usr_725,***苏南事业部,南通,深度服****,员工,正式,2025/4/16 00:00,未申领,未申购,
20244432,usr_726,***苏南事业部,苏州,深度服****,员工,正式,2025/4/27 00:00,未申领,未申购,
20244474,usr_727,***川渝事业部,重庆,重庆家师****,员工,正式,2025/4/29 00:00,未申领,未申购,
20244492,usr_728,***福州事业部,福州,家师傅福州****,员工,正式,2025/4/23 00:00,未申领,已申购,已支付
20244503,usr_729,***上海北区事业部,上海,深度服****,员工,正式,2025/4/22 00:00,未申领,已申购,已支付
20244505,usr_730,***华中事业部,长沙,深度服****,员工,正式,2025/4/24 00:00,未申领,已申购,已支付
20244509,usr_731,***广佛事业部,广州,深度服****,员工,正式,2025/4/24 00:00,未申领,已申购,已支付
20244520,usr_732,***浙江事业部,宁波,家师傅宁波****,员工,正式,2025/4/22 00:00,未申领,已申购,已支付
20244548,usr_733,***川渝事业部,成都,深度服****,员工,正式,2025/4/27 00:00,未申领,未申购,
20244562,usr_734,***华中事业部,武汉,武汉深度服务****,员工,正式,2025/5/2 00:00,未申领,未申购,
20244587,usr_735,***浙江事业部,宁波,深度服****,员工,正式,2025/4/30 00:00,未申领,已申购,已支付
20244592,usr_736,***苏南事业部,苏州,深度服****,员工,正式,2025/5/16 00:00,未申领,未申购,
20244595,usr_737,***上海浦西事业部,上海,家师傅上海浦西****,员工,正式,2025/4/27 00:00,未申领,已申购,已支付
20244596,usr_738,***上海浦西事业部,上海,深度服****,员工,正式,2025/4/28 00:00,未申领,已申购,已支付
20244624,usr_739,***广佛事业部,广州,深度服****,员工,正式,2025/5/1 00:00,未申领,已申购,已支付
20244629,usr_740,***浙江事业部,杭州,家师傅杭州深度服****,员工,正式,2025/5/1 00:00,未申领,已申购,已支付
20244632,usr_741,***浙江事业部,宁波,深度服****,员工,正式,2025/4/28 00:00,未申领,已申购,已支付
20244633,usr_742,***浙江事业部,杭州,家师傅杭州****,员工,正式,2025/5/1 00:00,未申领,已申购,已支付
20244641,usr_743,***北京事业部,北京,家师傅北京****,带单师父,正式,2025/4/28 00:00,未申领,已申购,已支付
20244649,usr_744,***川渝事业部,成都,家师傅成都****,其他职员,正式,2025/5/6 00:00,未申领,已申购,已支付
20244664,usr_745,***华中事业部,武汉,武汉深度服务****,员工,正式,2025/5/7 00:00,未申领,未申购,
20244673,usr_746,***华中事业部,武汉,家师傅武汉维修****,员工,正式,2025/5/7 00:00,未申领,已申购,已支付
20244686,usr_747,***川渝事业部,成都,深度服****,员工,正式,2025/5/8 00:00,未申领,已申购,已支付
20244707,usr_748,***浙江事业部,杭州,家师傅杭州****,带单师父,正式,2025/5/7 00:00,未申领,已申购,已支付
20244814,usr_749,***浙江事业部,杭州,家师傅杭州深度服****,员工,正式,2025/5/25 00:00,未申领,已申购,已支付
20244817,usr_750,***广佛事业部,广州,家师傅深度服****,员工,正式,2025/5/12 00:00,未申领,已申购,已支付
20244841,usr_751,***浙江事业部,宁波,深度服****,员工,正式,2025/5/16 00:00,未申领,已申购,已支付
20244855,usr_752,***上海浦东事业部,上海,深度服****,员工,正式,2025/11/23 00:00,未申领,已申购,已支付
20244862,usr_753,***苏北事业部,南京,深度服****,员工,正式,2025/5/7 00:00,未申领,未申购,
20244871,usr_754,***上海浦东事业部,上海,上海深度服****,员工,正式,2025/5/11 00:00,未申领,已申购,已支付
20244879,usr_755,***浙江事业部,宁波,家师傅宁波****,员工,正式,2025/5/12 00:00,未申领,已申购,已支付
20244917,usr_756,***上海浦东事业部,上海,上海深度服****,员工,正式,2025/5/12 00:00,未申领,已申购,已支付
20245009,usr_757,***川渝事业部,成都,深度服****,员工,正式,2025/5/18 00:00,未申领,未申购,
20245023,usr_758,***厦门事业部,泉州,深度服****,员工,正式,2025/6/14 00:00,未申领,未申购,
20245067,usr_759,***北京事业部,北京,家师傅北京****,储备站长,正式,2025/5/17 00:00,未申领,已申购,已支付
20245072,usr_760,***浙江事业部,杭州,深度服****,员工,正式,2025/5/23 00:00,未申领,未申购,
20245092,usr_761,***华中事业部,长沙,深度服****,员工,正式,2025/5/18 00:00,未申领,未申购,
20245093,usr_762,***华中事业部,长沙,家师傅长沙维修****,员工,正式,2025/5/18 00:00,未申领,已申购,已支付
20245110,usr_763,***川渝事业部,成都,家师傅成都****,员工,正式,2025/5/25 00:00,未申领,已申购,已支付
20245112,usr_764,***上海浦东事业部,上海,深度服****,员工,正式,2025/5/19 00:00,未申领,已申购,已支付
20245195,usr_765,***川渝事业部,重庆,重庆家师****,员工,正式,2025/5/26 00:00,未申领,未申购,
20245247,usr_766,***深圳事业部,深圳,家师傅深圳****,员工,正式,2025/5/31 00:00,未申领,已申购,已支付
20245253,usr_767,***浙江事业部,杭州,深度服****,员工,正式,2025/6/2 00:00,未申领,未申购,
20245320,usr_768,***浙江事业部,杭州,深度服****,员工,正式,2025/6/4 00:00,未申领,未申购,
20245339,usr_769,***浙江事业部,杭州,深度服****,员工,正式,2025/6/5 00:00,未申领,已申购,已支付
20245538,usr_770,***北京事业部,北京,深度服务****,员工,正式,2025/6/12 00:00,未申领,未申购,
20245621,usr_771,***苏北事业部,南京,深度服****,员工,正式,2025/12/2 00:00,未申领,已申购,已支付
20245628,usr_772,***收纳即刻事业部,厦门,厦门收纳****,员工,正式,2025/7/4 00:00,未申领,已申购,已支付
20245676,usr_773,***上海浦东事业部,上海,上海深度服****,员工,正式,2025/6/30 00:00,未申领,已申购,已支付
20245681,usr_774,***浙江事业部,宁波,深度服****,员工,正式,2025/6/30 00:00,未申领,已申购,已支付
20245728,usr_775,***收纳即刻事业部,北京,北京收纳****,员工,正式,2025/8/2 00:00,未申领,已申购,已支付
20245760,usr_776,***北京事业部,北京,家师傅北京****,员工,正式,2025/8/13 00:00,未申领,已申购,已支付
20246101,usr_777,***浙江事业部,宁波,家师傅宁波****,员工,正式,2025/7/13 00:00,未申领,已申购,已支付
20246225,usr_778,***收纳即刻事业部,上海,上海收纳****,员工,正式,2025/7/5 00:00,未申领,已申购,已支付
20246415,usr_779,***上海浦东事业部,上海,深度服****,员工,正式,2025/7/22 00:00,未申领,已申购,已支付
20246474,usr_780,***浙江事业部,宁波,家师傅宁波****,员工,正式,2025/7/28 00:00,未申领,已申购,已支付
20246660,usr_781,***浙江事业部,杭州,深度服****,员工,正式,2025/8/5 00:00,未申领,已申购,已支付
20246837,usr_782,***浙江事业部,宁波,深度服****,员工,正式,2025/9/8 00:00,未申领,未申购,
20246973,usr_783,***收纳即刻事业部,北京,北京收纳****,员工,正式,2025/8/21 00:00,未申领,已申购,已支付
20247026,usr_784,***浙江事业部,宁波,家师傅宁波****,员工,正式,2025/8/12 00:00,未申领,已申购,已支付
20247042,usr_785,***上海浦东事业部,上海,家师傅上海浦东****,员工,正式,2025/8/13 00:00,未申领,已申购,已支付
20247087,usr_786,***北京事业部,北京,家师傅北京****,员工,正式,2025/8/9 00:00,未申领,已申购,已支付
20247116,usr_787,***浙江事业部,杭州,深度服****,员工,正式,2025/8/29 00:00,未申领,已申购,已支付
20247123,usr_788,***浙江事业部,宁波,深度服****,员工,正式,2025/8/30 00:00,未申领,已申购,已支付
20247159,usr_789,***华中事业部,武汉,武汉深度服务****,储备培训师,正式,2025/8/23 00:00,未申领,已申购,已支付
20247235,usr_790,***浙江事业部,杭州,家师傅杭州****,员工,正式,2025/9/12 00:00,未申领,已申购,已支付
20247236,usr_791,***北京事业部,青岛,深度服****,员工,正式,2025/8/29 00:00,未申领,未申购,
20247416,usr_792,***深圳事业部,深圳,家师傅深圳****,员工,正式,2025/8/30 00:00,未申领,已申购,已支付
20247475,usr_793,***北京事业部,北京,家师傅北京****,员工,正式,2025/9/6 00:00,未申领,已申购,已支付
20247496,usr_794,***华中事业部,武汉,武汉深度服务****,员工,正式,2025/9/18 00:00,未申领,未申购,
20247512,usr_795,***华中事业部,武汉,家师傅武汉维修****,员工,正式,2025/9/16 00:00,未申领,已申购,已支付
20247531,usr_796,***厦门事业部,厦门,厦门深度服****,员工,正式,2025/10/19 00:00,未申领,已申购,已支付
20247575,usr_797,***厦门事业部,厦门,厦门深度服****,员工,正式,2025/9/12 00:00,未申领,已申购,已支付
20247577,usr_798,***收纳即刻事业部,上海,上海收纳****,员工,正式,2025/9/18 00:00,未申领,已申购,已支付
20247630,usr_799,***浙江事业部,杭州,家师傅杭州****,员工,正式,2025/9/20 00:00,未申领,已申购,已支付
20247659,usr_800,***广佛事业部,广州,深度服****,员工,正式,2025/9/16 00:00,未申领,已申购,已支付
20247780,usr_801,***北京事业部,青岛,深度服****,员工,正式,2025/9/30 00:00,未申领,已申购,已支付
20247797,usr_802,***广佛事业部,广州,家师傅广州****,员工,正式,2025/9/18 00:00,未申领,已申购,已支付
20247832,usr_803,***苏北事业部,南京,深度服****,员工,正式,2025/9/15 00:00,未申领,已申购,已支付
20247834,usr_804,***深圳事业部,深圳,家师傅深圳****,带单师父,正式,2025/9/18 00:00,未申领,已申购,已支付
20247877,usr_805,***广佛事业部,广州,家师傅深度服****,员工,正式,2025/9/18 00:00,未申领,已申购,已支付
20247892,usr_806,***浙江事业部,杭州,深度服****,员工,正式,2025/10/28 00:00,未申领,已申购,已支付
20247940,usr_807,***川渝事业部,成都,家师傅成都****,员工,正式,2025/9/30 00:00,未申领,已申购,已支付
20247951,usr_808,***广佛事业部,广州,深度服****,员工,正式,2025/9/24 00:00,未申领,已申购,已支付
20248161,usr_809,***苏北事业部,南京,家师傅南京****,员工,正式,2025/9/20 00:00,未申领,已申购,已支付
20248169,usr_810,***收纳即刻事业部,北京,北京收纳****,员工,正式,2025/10/24 00:00,未申领,已申购,已支付
20248233,usr_811,***北京事业部,青岛,深度服****,员工,正式,2025/9/28 00:00,未申领,已申购,已支付
20248390,usr_812,***深圳事业部,深圳,家师傅深圳****,员工,正式,2025/10/11 00:00,未申领,已申购,已支付
20248447,usr_813,***北京事业部,北京,深度服****,员工,正式,2025/10/11 00:00,未申领,已申购,已支付
20248515,usr_814,***浙江事业部,杭州,深度服****,员工,正式,2025/12/16 00:00,未申领,已申购,已支付
20248528,usr_815,***上海浦西事业部,上海,家师傅上海浦西****,员工,正式,2025/10/5 00:00,未申领,已申购,已支付
20248758,usr_816,***浙江事业部,杭州,家师傅杭州****,员工,正式,2025/10/3 00:00,未申领,已申购,已支付
20248773,usr_817,***福州事业部,福州,深度服****,员工,正式,2025/10/22 00:00,未申领,未申购,
20248782,usr_818,***浙江事业部,杭州,家师傅杭州****,员工,正式,2025/10/13 00:00,未申领,已申购,已支付
20248783,usr_819,***苏南事业部,苏州,家师傅苏州****,员工,正式,2025/10/8 00:00,未申领,已申购,已支付
20248784,usr_820,***浙江事业部,杭州,家师傅杭州****,员工,正式,2025/10/3 00:00,未申领,已申购,已支付
20248793,usr_821,***北京事业部,北京,家师傅北京****,员工,正式,2025/10/11 00:00,未申领,已申购,已支付
20248817,usr_822,***广佛事业部,广州,深度服****,员工,正式,2025/10/13 00:00,未申领,已申购,已支付
20248860,usr_823,***广佛事业部,广州,家师傅深度服****,员工,正式,2025/10/13 00:00,未申领,已申购,已支付
20248881,usr_824,***川渝事业部,成都,家师傅成都****,员工,正式,2025/10/14 00:00,未申领,已申购,已支付
20248883,usr_825,***福州事业部,福州,深度服****,员工,正式,2025/11/3 00:00,未申领,已申购,已支付
20248906,usr_826,***浙江事业部,杭州,家师傅杭州****,员工,正式,2025/10/24 00:00,未申领,已申购,已支付
20248925,usr_827,***上海北区事业部,上海,家师傅上海浦西****,员工,正式,2025/10/13 00:00,未申领,已申购,已支付
20248965,usr_828,***苏南事业部,苏州,家师傅苏州****,员工,正式,2025/10/28 00:00,未申领,已申购,已支付
20248966,usr_829,***苏南事业部,苏州,家师傅苏州****,员工,正式,2025/10/11 00:00,未申领,已申购,已支付
20249128,usr_830,***华中事业部,武汉,家师傅武汉维修****,员工,正式,2025/10/20 00:00,未申领,已申购,已支付
20249136,usr_831,***北京事业部,北京,深度服****,员工,正式,2025/10/17 00:00,未申领,未申购,
20249156,usr_832,***川渝事业部,成都,家师傅成都****,员工,正式,2025/10/17 00:00,未申领,已申购,已支付
20249157,usr_833,***川渝事业部,成都,深度服****,员工,正式,2025/11/7 00:00,未申领,已申购,已支付
20249164,usr_834,***苏南事业部,无锡,家师傅无锡****,员工,正式,2025/10/17 00:00,未申领,已申购,已支付
20249179,usr_835,***厦门事业部,厦门,家师傅厦门深****,员工,正式,2025/10/26 00:00,未申领,已申购,已支付
20249180,usr_836,***浙江事业部,杭州,家师傅杭州****,员工,正式,2025/10/20 00:00,未申领,已申购,已支付
20249184,usr_837,***上海北区事业部,上海,家师傅上海浦西****,员工,正式,2025/10/26 00:00,未申领,已申购,已支付
20249195,usr_838,***北京事业部,北京,家师傅北京****,员工,正式,2025/10/19 00:00,未申领,已申购,已支付
20249198,usr_839,***厦门事业部,厦门,家师傅厦门深****,员工,正式,2025/10/24 00:00,未申领,已申购,已支付
20249200,usr_840,***川渝事业部,成都,家师傅成都****,员工,正式,2025/11/14 00:00,未申领,已申购,已支付
20249201,usr_841,***华中事业部,长沙,家师傅长沙维修****,员工,正式,2025/10/28 00:00,未申领,已申购,已支付
20249205,usr_842,***浙江事业部,杭州,深度服****,员工,正式,2025/10/21 00:00,未申领,未申购,
20249211,usr_843,***上海浦西事业部,上海,家师傅上海浦西****,员工,正式,2025/11/7 00:00,未申领,已申购,已支付
20249220,usr_844,***浙江事业部,杭州,深度服****,员工,正式,2025/10/23 00:00,未申领,已申购,已支付
20249247,usr_845,***上海北区事业部,上海,家师傅上海浦西****,员工,正式,2025/10/22 00:00,未申领,已申购,已支付
20249248,usr_846,***浙江事业部,杭州,家师傅杭州****,员工,正式,2025/10/23 00:00,未申领,已申购,已支付
20249250,usr_847,***川渝事业部,成都,家师傅成都****,员工,正式,2025/11/6 00:00,未申领,已申购,已支付
20249254,usr_848,***川渝事业部,重庆,家师傅重庆****,员工,正式,2025/10/28 00:00,未申领,已申购,已支付
20249262,usr_849,***川渝事业部,成都,家师傅成都****,员工,正式,2025/11/26 00:00,未申领,已申购,已支付
20249268,usr_850,***厦门事业部,厦门,家师傅厦门深****,员工,正式,2025/10/24 00:00,未申领,已申购,已支付
20249275,usr_851,***苏北事业部,南京,家师傅南京****,员工,正式,2025/11/3 00:00,未申领,已申购,已支付
20249278,usr_852,***川渝事业部,重庆,家师傅重庆****,员工,正式,2025/10/31 00:00,未申领,已申购,已支付
20249301,usr_853,***北京事业部,青岛,家师傅青岛****,员工,正式,2025/10/19 00:00,未申领,已申购,已支付
20249319,usr_854,***上海北区事业部,上海,家师傅上海浦西****,员工,正式,2025/11/5 00:00,未申领,已申购,已支付
20249322,usr_855,***北京事业部,北京,家师傅北京****,员工,正式,2025/10/26 00:00,未申领,已申购,已支付
20249328,usr_856,***川渝事业部,成都,家师傅成都****,员工,正式,2025/11/1 00:00,未申领,已申购,已支付
20249345,usr_857,***浙江事业部,杭州,家师傅杭州****,员工,正式,2025/10/25 00:00,未申领,已申购,已支付
20249353,usr_858,***浙江事业部,杭州,家师傅杭州****,员工,正式,2025/10/24 00:00,未申领,已申购,已支付
20249354,usr_859,***苏南事业部,南通,深度服****,员工,正式,2025/10/30 00:00,未申领,已申购,已支付
20249357,usr_860,***华中事业部,武汉,家师傅武汉维修****,员工,正式,2025/10/20 00:00,未申领,未申购,
20249361,usr_861,***川渝事业部,成都,家师傅成都****,员工,正式,2025/10/21 00:00,未申领,已申购,已支付
20249363,usr_862,***川渝事业部,成都,家师傅成都****,员工,正式,2025/10/28 00:00,未申领,已申购,已支付
20249364,usr_863,***收纳即刻事业部,上海,上海收纳****,员工,正式,2025/10/31 00:00,未申领,已申购,已支付
20249369,usr_864,***华中事业部,武汉,家师傅武汉维修****,员工,正式,2025/10/22 00:00,未申领,已申购,已支付
20249380,usr_865,***苏南事业部,苏州,家师傅苏州****,员工,正式,2025/10/23 00:00,未申领,已申购,已支付
20249396,usr_866,***上海北区事业部,上海,家师傅上海浦西****,员工,正式,2025/10/26 00:00,未申领,已申购,已支付
20249397,usr_867,***广佛事业部,广州,家师傅广州****,员工,正式,2025/11/1 00:00,未申领,已申购,已支付
20249400,usr_868,***深圳事业部,深圳,家师傅深圳****,员工,正式,2025/10/25 00:00,未申领,已申购,已支付
20249401,usr_869,***广佛事业部,广州,家师傅广州****,员工,正式,2025/10/24 00:00,未申领,已申购,已支付
20249436,usr_870,***华中事业部,长沙,家师傅长沙维修****,员工,正式,2025/10/28 00:00,未申领,已申购,已支付
20249437,usr_871,***华中事业部,长沙,家师傅长沙维修****,员工,正式,2025/10/28 00:00,未申领,已申购,已支付
20249455,usr_872,***上海浦东事业部,上海,家师傅上海浦东****,员工,正式,2025/10/22 00:00,未申领,已申购,已支付
20249466,usr_873,***华中事业部,长沙,家师傅长沙维修****,员工,正式,2025/10/28 00:00,未申领,未申购,
20249477,usr_874,***上海浦东事业部,上海,家师傅上海浦东****,员工,正式,2025/10/28 00:00,未申领,已申购,已支付
20249478,usr_875,***华中事业部,武汉,家师傅武汉维修****,员工,正式,2025/10/27 00:00,未申领,已申购,已支付
20249479,usr_876,***北京事业部,北京,家师傅北京****,员工,正式,2025/10/23 00:00,未申领,已申购,已支付
20249486,usr_877,***上海北区事业部,上海,家师傅上海浦西****,员工,正式,2025/10/27 00:00,未申领,未申购,
20249491,usr_878,***广佛事业部,广州,家师傅广州****,员工,正式,2025/11/9 00:00,未申领,已申购,已支付
20249493,usr_879,***广佛事业部,广州,家师傅广州****,员工,正式,2025/10/31 00:00,未申领,已申购,已支付
20249501,usr_880,***上海浦东事业部,上海,家师傅上海浦东****,员工,正式,2025/10/28 00:00,未申领,未申购,
20249502,usr_881,***北京事业部,北京,深度服****,员工,正式,2025/10/29 00:00,未申领,已申购,已支付
20249506,usr_882,***华中事业部,长沙,家师傅长沙维修****,员工,正式,2025/10/28 00:00,未申领,未申购,
20249512,usr_883,***上海北区事业部,上海,家师傅上海浦西****,员工,正式,2025/10/29 00:00,未申领,未申购,
20249513,usr_884,***苏南事业部,苏州,家师傅苏州****,员工,正式,2025/10/31 00:00,未申领,已申购,已支付
20249537,usr_885,***浙江事业部,杭州,深度服****,员工,正式,2025/10/28 00:00,未申领,已申购,已支付
20249554,usr_886,***收纳即刻事业部,北京,北京收纳****,员工,正式,2025/11/9 00:00,未申领,已申购,已支付
20249565,usr_887,***上海浦东事业部,上海,家师傅上海浦东****,员工,正式,2025/10/28 00:00,未申领,已申购,已支付
20249568,usr_888,***浙江事业部,杭州,家师傅杭州****,员工,正式,2025/10/28 00:00,未申领,已申购,已支付
20249569,usr_889,***浙江事业部,杭州,家师傅杭州****,员工,正式,2025/10/28 00:00,未申领,已申购,已支付
20249570,usr_890,***浙江事业部,杭州,深度服****,员工,正式,2025/10/26 00:00,未申领,已申购,已支付
20249571,usr_891,***苏北事业部,南京,深度服****,员工,正式,2025/11/11 00:00,未申领,已申购,已支付
20249573,usr_892,***苏北事业部,南京,家师傅南京****,员工,正式,2025/10/28 00:00,未申领,已申购,已支付
20249574,usr_893,***苏北事业部,南京,深度服****,员工,正式,2025/10/30 00:00,未申领,已申购,已支付
20249575,usr_894,***浙江事业部,杭州,家师傅杭州****,员工,正式,2025/10/30 00:00,未申领,已申购,已支付
20249584,usr_895,***北京事业部,北京,家师傅北京****,员工,正式,2025/10/24 00:00,未申领,已申购,已支付
20249587,usr_896,***上海浦东事业部,上海,家师傅上海浦东****,员工,正式,2025/10/28 00:00,未申领,已申购,已支付
20249590,usr_897,***厦门事业部,厦门,家师傅厦门深****,员工,正式,2025/11/1 00:00,未申领,已申购,已支付
20249593,usr_898,***川渝事业部,成都,家师傅成都****,员工,正式,2025/11/1 00:00,未申领,已申购,已支付
20249596,usr_899,***川渝事业部,成都,家师傅成都****,员工,正式,2025/11/4 00:00,未申领,已申购,已支付
20249597,usr_900,***川渝事业部,成都,家师傅成都****,员工,正式,2025/11/1 00:00,未申领,已申购,已支付
20249599,usr_901,***苏南事业部,苏州,家师傅苏州****,员工,正式,2025/10/30 00:00,未申领,已申购,已支付
20249600,usr_902,***苏南事业部,苏州,家师傅苏州****,员工,正式,2025/10/30 00:00,未申领,已申购,已支付
20249602,usr_903,***苏南事业部,苏州,家师傅苏州****,员工,正式,2025/10/30 00:00,未申领,已申购,已支付
20249620,usr_904,***苏南事业部,苏州,家师傅苏州****,员工,正式,2025/10/29 00:00,未申领,已申购,已支付
20249624,usr_905,***上海北区事业部,上海,家师傅上海浦西****,员工,正式,2025/11/26 00:00,未申领,已申购,已支付
20249631,usr_906,***华中事业部,武汉,家师傅武汉维修****,员工,正式,2025/11/4 00:00,未申领,已申购,已支付
20249637,usr_907,***上海浦东事业部,上海,家师傅上海浦东****,员工,正式,2025/11/1 00:00,未申领,已申购,已支付
20249640,usr_908,***广佛事业部,广州,家师傅广州****,员工,正式,2025/11/5 00:00,未申领,已申购,已支付
20249660,usr_909,***华中事业部,武汉,家师傅武汉维修****,员工,正式,2025/11/4 00:00,未申领,已申购,已支付
20249661,usr_910,***浙江事业部,杭州,家师傅杭州****,员工,正式,2025/10/30 00:00,未申领,已申购,已支付
20249662,usr_911,***川渝事业部,重庆,家师傅重庆****,员工,正式,2025/10/31 00:00,未申领,已申购,已支付
20249683,usr_912,***上海浦东事业部,上海,家师傅上海浦东****,员工,正式,2025/11/5 00:00,未申领,已申购,已支付
20249686,usr_913,***苏北事业部,南京,家师傅南京****,员工,正式,2025/10/30 00:00,未申领,已申购,已支付
20249688,usr_914,***浙江事业部,杭州,深度服****,员工,正式,2025/11/4 00:00,未申领,已申购,已支付
20249698,usr_915,***上海浦东事业部,上海,家师傅上海浦东****,员工,正式,2025/11/4 00:00,未申领,已申购,已支付
20249700,usr_916,***深圳事业部,深圳,家师傅深圳****,员工,正式,2025/10/30 00:00,未申领,已申购,已支付
20249701,usr_917,***川渝事业部,重庆,重庆家师****,员工,正式,2025/11/14 00:00,未申领,已申购,已支付
20249703,usr_918,***深圳事业部,深圳,家师傅深圳****,员工,正式,2025/11/3 00:00,未申领,已申购,已支付
20249707,usr_919,***上海浦西事业部,上海,家师傅上海浦西****,员工,正式,2025/11/5 00:00,未申领,已申购,已支付
20249710,usr_920,***北京事业部,北京,深度服务****,员工,正式,2025/11/4 00:00,未申领,已申购,已支付
20249715,usr_921,***上海浦西事业部,上海,家师傅上海浦西****,员工,正式,2025/11/4 00:00,未申领,已申购,已支付
20249716,usr_922,***川渝事业部,成都,家师傅成都****,员工,正式,2025/11/4 00:00,未申领,已申购,已支付
20249717,usr_923,***川渝事业部,成都,家师傅成都****,员工,正式,2025/11/4 00:00,未申领,已申购,已支付
20249721,usr_924,***华中事业部,武汉,家师傅武汉维修****,员工,正式,2025/11/3 00:00,未申领,已申购,已支付
20249735,usr_925,***深圳事业部,深圳,家师傅深圳****,员工,正式,2025/11/3 00:00,未申领,已申购,已支付
20249737,usr_926,***苏南事业部,苏州,家师傅苏州****,员工,正式,2025/10/30 00:00,未申领,已申购,已支付
20249741,usr_927,***厦门事业部,厦门,家师傅厦门深****,员工,正式,2025/11/4 00:00,未申领,已申购,已支付
20249743,usr_928,***厦门事业部,厦门,家师傅厦门深****,员工,正式,2025/11/4 00:00,未申领,已申购,已支付
20249744,usr_929,***厦门事业部,厦门,家师傅厦门深****,员工,正式,2025/11/4 00:00,未申领,已申购,已支付
20249754,usr_930,***苏北事业部,南京,家师傅南京****,员工,正式,2025/11/5 00:00,未申领,已申购,已支付
20249756,usr_931,***北京事业部,北京,家师傅北京****,员工,正式,2025/11/1 00:00,未申领,已申购,已支付
20249758,usr_932,***浙江事业部,宁波,深度服****,员工,正式,2025/11/4 00:00,未申领,已申购,已支付
20249759,usr_933,***浙江事业部,宁波,深度服****,员工,正式,2025/11/4 00:00,未申领,已申购,已支付
20249767,usr_934,***华中事业部,长沙,家师傅长沙维修****,员工,正式,2025/11/20 00:00,未申领,已申购,已支付
20249769,usr_935,***福州事业部,福州,家师傅福州****,员工,正式,2025/11/17 00:00,未申领,已申购,已支付
20249771,usr_936,***华中事业部,长沙,家师傅长沙维修****,员工,正式,2025/11/20 00:00,未申领,已申购,已支付
20249780,usr_937,***川渝事业部,重庆,家师傅重庆****,员工,正式,2025/11/2 00:00,未申领,已申购,已支付
20249789,usr_938,***苏北事业部,南京,深度服****,员工,正式,2025/11/5 00:00,未申领,已申购,已支付
20249791,usr_939,***川渝事业部,重庆,家师傅重庆****,员工,正式,2025/10/31 00:00,未申领,已申购,已支付
20249796,usr_940,***广佛事业部,广州,家师傅广州****,员工,正式,2025/11/11 00:00,未申领,已申购,已支付
20249803,usr_941,***上海浦东事业部,上海,家师傅上海浦东****,员工,正式,2025/11/8 00:00,未申领,已申购,已支付
20249829,usr_942,***上海浦东事业部,上海,家师傅上海浦东****,员工,正式,2025/11/8 00:00,未申领,已申购,已支付
20249833,usr_943,***收纳即刻事业部,广州,广州收纳****,员工,正式,2025/11/11 00:00,未申领,已申购,已支付
20249835,usr_944,***北京事业部,北京,家师傅北京****,员工,正式,2025/11/4 00:00,未申领,已申购,已支付
20249836,usr_945,***北京事业部,北京,深度服****,员工,正式,2025/11/6 00:00,未申领,已申购,已支付
20249838,usr_946,***北京事业部,北京,深度服务****,员工,正式,2025/11/9 00:00,未申领,已申购,已支付
20249839,usr_947,***华中事业部,长沙,家师傅长沙维修****,员工,正式,2025/11/20 00:00,未申领,已申购,已支付
20249849,usr_948,***北京事业部,北京,家师傅北京****,员工,正式,2025/11/6 00:00,未申领,已申购,已支付
20249858,usr_949,***上海浦西事业部,上海,家师傅上海浦西****,员工,正式,2025/11/6 00:00,未申领,已申购,已支付
20249879,usr_950,***上海浦西事业部,上海,家师傅上海浦西****,员工,正式,2025/11/7 00:00,未申领,已申购,已支付
20249883,usr_951,***深圳事业部,深圳,家师傅深圳****,员工,正式,2025/11/8 00:00,未申领,已申购,已支付
20249887,usr_952,***广佛事业部,广州,家师傅广州****,员工,正式,2025/11/22 00:00,未申领,已申购,已支付
20249892,usr_953,***华中事业部,武汉,家师傅武汉维修****,员工,正式,2025/11/8 00:00,未申领,已申购,已支付
20249898,usr_954,***上海北区事业部,上海,家师傅上海浦西****,员工,正式,2025/11/9 00:00,未申领,已申购,已支付
20249899,usr_955,***华中事业部,武汉,家师傅武汉维修****,员工,正式,2025/11/13 00:00,未申领,未申购,
20249915,usr_956,***广佛事业部,广州,家师傅广州****,员工,正式,2025/11/16 00:00,未申领,已申购,已支付
20249925,usr_957,***华中事业部,武汉,家师傅武汉维修****,员工,正式,2025/11/13 00:00,未申领,已申购,已支付
20249930,usr_958,***深圳事业部,深圳,家师傅深圳****,员工,正式,2025/11/11 00:00,未申领,已申购,已支付
20249936,usr_959,***苏北事业部,南京,家师傅南京****,员工,正式,2025/11/12 00:00,未申领,已申购,已支付
20249950,usr_960,***厦门事业部,厦门,家师傅厦门深****,员工,正式,2025/11/12 00:00,未申领,已申购,已支付
20249957,usr_961,***广佛事业部,广州,家师傅广州****,员工,正式,2025/11/13 00:00,未申领,已申购,已支付
20249973,usr_962,***华中事业部,武汉,家师傅武汉维修****,员工,正式,2025/11/18 00:00,未申领,已申购,已支付
20249978,usr_963,***川渝事业部,重庆,家师傅重庆****,员工,正式,2025/11/25 00:00,未申领,已申购,已支付
20249979,usr_964,***上海浦东事业部,上海,家师傅上海浦东****,员工,正式,2025/11/14 00:00,未申领,已申购,已支付
20249987,usr_965,***广佛事业部,佛山,家师傅佛山****,员工,正式,2025/11/16 00:00,未申领,已申购,已支付
20249990,usr_966,***苏北事业部,南京,深度服****,员工,正式,2025/11/14 00:00,未申领,已申购,已支付
20249992,usr_967,***广佛事业部,佛山,家师傅佛山****,员工,正式,2025/11/16 00:00,未申领,已申购,已支付
20249993,usr_968,***广佛事业部,佛山,家师傅佛山****,员工,正式,2025/11/16 00:00,未申领,已申购,已支付
20249994,usr_969,***深圳事业部,深圳,家师傅深圳****,员工,正式,2025/11/15 00:00,未申领,已申购,已支付
20249995,usr_970,***北京事业部,北京,深度服务****,员工,正式,2025/11/14 00:00,未申领,已申购,已支付
20249997,usr_971,***深圳事业部,深圳,家师傅深圳****,员工,正式,2025/11/15 00:00,未申领,已申购,已支付
20250001,usr_972,***华中事业部,武汉,家师傅武汉维修****,员工,正式,2025/11/10 00:00,未申领,已申购,已支付
20250013,usr_973,***上海浦东事业部,上海,家师傅上海浦东****,员工,正式,2025/11/22 00:00,未申领,已申购,已支付
20250014,usr_974,***收纳即刻事业部,深圳,深圳收纳****,员工,正式,2025/11/30 00:00,未申领,已申购,已支付
20250017,usr_975,***上海浦东事业部,上海,家师傅上海浦东****,员工,正式,2025/11/13 00:00,未申领,已申购,已支付
20250024,usr_976,***上海浦东事业部,上海,家师傅上海浦东****,员工,正式,2025/11/15 00:00,未申领,已申购,已支付
20250026,usr_977,***上海浦东事业部,上海,家师傅上海浦东****,员工,正式,2025/11/10 00:00,未申领,已申购,已支付
20250038,usr_978,***广佛事业部,广州,深度服****,员工,正式,2025/11/15 00:00,未申领,已申购,已支付
20250053,usr_979,***苏南事业部,南通,深度服****,员工,正式,2025/11/14 00:00,未申领,已申购,已支付
20250062,usr_980,***北京事业部,北京,深度服****,员工,正式,2025/11/11 00:00,未申领,已申购,已支付
20250065,usr_981,***北京事业部,北京,深度服****,员工,正式,2025/11/12 00:00,未申领,已申购,已支付
20250067,usr_982,***北京事业部,北京,深度服务****,员工,正式,2025/11/12 00:00,未申领,已申购,已支付
20250070,usr_983,***深圳事业部,深圳,家师傅深圳****,员工,正式,2025/11/12 00:00,未申领,已申购,已支付
20250079,usr_984,***厦门事业部,厦门,家师傅厦门深****,员工,正式,2025/11/19 00:00,未申领,已申购,已支付
20250081,usr_985,***上海北区事业部,上海,家师傅上海浦西****,员工,正式,2025/11/19 00:00,未申领,已申购,已支付
20250086,usr_986,***北京事业部,北京,家师傅北京****,员工,正式,2025/11/12 00:00,未申领,已申购,已支付
20250088,usr_987,***华中事业部,武汉,家师傅武汉维修****,员工,正式,2025/11/18 00:00,未申领,已申购,已支付
20250096,usr_988,***收纳即刻事业部,深圳,深圳收纳****,员工,正式,2025/12/13 00:00,未申领,已申购,已支付
20250097,usr_989,***北京事业部,北京,家师傅北京****,员工,正式,2025/11/14 00:00,未申领,已申购,已支付
20250098,usr_990,***北京事业部,北京,家师傅北京****,员工,正式,2025/11/14 00:00,未申领,已申购,已支付
20250109,usr_991,***上海浦东事业部,上海,家师傅上海浦东****,员工,正式,2025/11/22 00:00,未申领,已申购,已支付
20250111,usr_992,***苏南事业部,苏州,家师傅苏州****,员工,正式,2025/11/16 00:00,未申领,已申购,已支付
20250114,usr_993,***北京事业部,北京,家师傅北京****,员工,正式,2025/11/15 00:00,未申领,已申购,已支付
20250123,usr_994,***收纳即刻事业部,杭州,杭州收纳****,员工,正式,2025/11/29 00:00,未申领,已申购,已支付
20250124,usr_995,***收纳即刻事业部,杭州,杭州收纳****,员工,正式,2025/11/29 00:00,未申领,已申购,已支付
20250131,usr_996,***上海北区事业部,上海,家师傅上海浦西****,员工,正式,2025/11/28 00:00,未申领,已申购,已支付
20250133,usr_997,***上海北区事业部,上海,家师傅上海浦西****,员工,正式,2025/11/28 00:00,未申领,已申购,已支付
20250137,usr_998,***川渝事业部,成都,家师傅成都****,员工,正式,2025/11/16 00:00,未申领,已申购,已支付
20250144,usr_999,***广佛事业部,广州,家师傅广州****,员工,正式,2025/11/26 00:00,未申领,已申购,已支付
20250158,usr_1000,***广佛事业部,佛山,家师傅佛山****,员工,正式,2025/11/17 00:00,未申领,已申购,已支付
20250186,usr_1001,***收纳即刻事业部,厦门,厦门收纳****,员工,正式,2025/12/19 00:00,未申领,已申购,已支付
20250202,usr_1002,***华中事业部,长沙,家师傅长沙维修****,员工,正式,2025/12/5 00:00,未申领,已申购,已支付
20250207,usr_1003,***川渝事业部,重庆,家师傅重庆****,员工,正式,2025/11/25 00:00,未申领,已申购,已支付
20250219,usr_1004,***北京事业部,北京,家师傅北京****,员工,正式,2025/11/17 00:00,未申领,已申购,已支付
20250227,usr_1005,***上海浦东事业部,上海,家师傅上海浦东****,员工,正式,2025/11/29 00:00,未申领,已申购,已支付
20250229,usr_1006,***深圳事业部,深圳,家师傅深圳****,员工,正式,2025/11/25 00:00,未申领,已申购,已支付
20250233,usr_1007,***上海北区事业部,上海,家师傅上海浦西****,员工,正式,2025/11/29 00:00,未申领,已申购,已支付
20250245,usr_1008,***川渝事业部,成都,家师傅成都****,员工,正式,2025/11/27 00:00,未申领,已申购,已支付
20250246,usr_1009,***华中事业部,长沙,家师傅长沙维修****,员工,正式,2025/11/25 00:00,未申领,已申购,已支付
20250248,usr_1010,***华中事业部,武汉,家师傅武汉维修****,员工,正式,2025/11/27 00:00,未申领,已申购,已支付
20250250,usr_1011,***广佛事业部,广州,深度服****,员工,正式,2025/11/25 00:00,未申领,已申购,已支付
20250251,usr_1012,***广佛事业部,广州,家师傅深度服****,员工,正式,2025/11/25 00:00,未申领,已申购,已支付
20250252,usr_1013,***苏南事业部,苏州,家师傅苏州****,员工,正式,2025/11/20 00:00,未申领,已申购,已支付
20250253,usr_1014,***上海浦东事业部,上海,家师傅上海浦东****,员工,正式,2025/11/25 00:00,未申领,已申购,已支付
20250257,usr_1015,***深圳事业部,深圳,家师傅深圳****,员工,正式,2025/11/25 00:00,未申领,已申购,已支付
20250262,usr_1016,***华中事业部,长沙,家师傅长沙维修****,员工,正式,2025/11/29 00:00,未申领,已申购,已支付
20250267,usr_1017,***深圳事业部,深圳,家师傅深圳****,员工,正式,2025/11/25 00:00,未申领,已申购,已支付
20250278,usr_1018,***上海浦东事业部,上海,家师傅上海浦东****,员工,正式,2025/11/29 00:00,未申领,已申购,已支付
20250308,usr_1019,***北京事业部,北京,深度服****,员工,正式,2025/12/1 00:00,未申领,已申购,已支付
20250309,usr_1020,***北京事业部,北京,家师傅北京****,员工,正式,2025/11/26 00:00,未申领,已申购,已支付
20250319,usr_1021,***苏南事业部,苏州,深度服****,员工,正式,2025/12/17 00:00,未申领,未申购,
20250320,usr_1022,***厦门事业部,厦门,厦门深度服****,员工,正式,2025/11/27 00:00,未申领,已申购,已支付
20250325,usr_1023,***收纳即刻事业部,深圳,深圳收纳****,员工,正式,2025/12/5 00:00,未申领,已申购,已支付
20250334,usr_1024,***华中事业部,长沙,家师傅长沙维修****,员工,正式,2025/11/29 00:00,未申领,未申购,
20250338,usr_1025,***苏南事业部,苏州,家师傅苏州****,员工,正式,2025/11/24 00:00,未申领,已申购,已支付
20250354,usr_1026,***上海浦东事业部,上海,家师傅上海浦东****,员工,正式,2025/11/27 00:00,未申领,已申购,已支付
20250360,usr_1027,***北京事业部,北京,深度服务****,员工,正式,2025/11/25 00:00,未申领,已申购,已支付
20250368,usr_1028,***深圳事业部,深圳,家师傅深圳****,员工,正式,2025/11/27 00:00,未申领,已申购,已支付
20250399,usr_1029,***深圳事业部,深圳,家师傅深圳****,员工,正式,2025/12/2 00:00,未申领,已申购,已支付
20250411,usr_1030,***收纳即刻事业部,厦门,厦门收纳****,员工,正式,2025/12/9 00:00,未申领,已申购,已支付
20250412,usr_1031,***深圳事业部,深圳,家师傅深圳****,员工,正式,2025/12/1 00:00,未申领,已申购,已支付
20250428,usr_1032,***福州事业部,福州,深度服****,员工,正式,2025/12/7 00:00,未申领,已申购,已支付
20250429,usr_1033,***广佛事业部,广州,家师傅广州****,员工,正式,2025/12/3 00:00,未申领,已申购,已支付
20250461,usr_1034,***苏南事业部,苏州,家师傅苏州****,员工,正式,2025/12/4 00:00,未申领,已申购,已支付
20250465,usr_1035,***川渝事业部,成都,家师傅成都****,员工,正式,2025/12/1 00:00,未申领,已申购,已支付
20250469,usr_1036,***川渝事业部,成都,家师傅成都****,员工,正式,2025/12/14 00:00,未申领,已申购,已支付
20250521,usr_1037,***上海浦东事业部,上海,家师傅上海浦东****,员工,正式,2025/12/5 00:00,未申领,已申购,已支付
20250539,usr_1038,***上海北区事业部,上海,家师傅上海浦西****,员工,正式,2025/12/11 00:00,未申领,已申购,已支付
20250546,usr_1039,***苏南事业部,苏州,家师傅苏州****,员工,正式,2025/12/5 00:00,未申领,已申购,已支付
20250547,usr_1040,***苏南事业部,苏州,家师傅苏州****,员工,正式,2025/12/5 00:00,未申领,已申购,已支付
20250549,usr_1041,***苏南事业部,苏州,家师傅苏州****,员工,正式,2025/12/5 00:00,未申领,已申购,已支付
20250594,usr_1042,***广佛事业部,广州,深度服****,员工,正式,2025/12/12 00:00,未申领,已申购,已支付
20250598,usr_1043,***苏南事业部,南通,深度服****,员工,正式,2025/12/10 00:00,未申领,已申购,已支付
20250599,usr_1044,***苏南事业部,南通,深度服****,员工,正式,2025/12/9 00:00,未申领,已申购,已支付
20250600,usr_1045,***广佛事业部,广州,深度服****,员工,正式,2025/12/12 00:00,未申领,已申购,已支付
20250612,usr_1046,***上海浦东事业部,上海,深度服****,员工,正式,2025/12/11 00:00,未申领,已申购,已支付
20250622,usr_1047,***广佛事业部,广州,家师傅深度服****,员工,正式,2025/12/12 00:00,未申领,已申购,已支付
20250630,usr_1048,***川渝事业部,成都,深度服****,员工,正式,2025/12/10 00:00,未申领,已申购,已支付
20250640,usr_1049,***上海北区事业部,上海,深度服****,员工,正式,2025/12/8 00:00,未申领,已申购,已支付
20250649,usr_1050,***川渝事业部,成都,家师傅成都****,员工,正式,2025/12/7 00:00,未申领,已申购,已支付
20250653,usr_1051,***浙江事业部,宁波,深度服****,员工,正式,2025/12/13 00:00,未申领,已申购,已支付
20250657,usr_1052,***北京事业部,青岛,深度服****,员工,正式,2025/12/10 00:00,未申领,已申购,已支付
20250665,usr_1053,***上海北区事业部,上海,家师傅上海浦西****,员工,正式,2025/12/18 00:00,未申领,已申购,已支付
20250677,usr_1054,***苏北事业部,南京,深度服****,员工,正式,2025/12/11 00:00,未申领,已申购,已支付
20250687,usr_1055,***深圳事业部,深圳,家师傅深圳****,员工,正式,2025/12/11 00:00,未申领,已申购,已支付
20250714,usr_1056,***苏南事业部,苏州,深度服****,员工,正式,2025/12/9 00:00,未申领,已申购,已支付
20250759,usr_1057,***厦门事业部,厦门,深度服****,员工,正式,2025/12/17 00:00,未申领,未申购,
20250762,usr_1058,***浙江事业部,杭州,深度服****,员工,正式,2025/12/18 00:00,未申领,未申购,
20250776,usr_1059,***川渝事业部,成都,深度服****,员工,正式,2025/12/17 00:00,未申领,已申购,已支付
20250782,usr_1060,***上海北区事业部,上海,深度服****,员工,正式,2025/12/15 00:00,未申领,未申购,
20250792,usr_1061,***苏南事业部,无锡,深度服****,员工,正式,2025/12/16 00:00,未申领,已申购,已支付
20250817,usr_1062,***苏南事业部,苏州,深度服****,员工,正式,2025/12/14 00:00,未申领,未申购,
20250819,usr_1063,***苏南事业部,苏州,深度服****,员工,正式,2025/12/14 00:00,未申领,未申购,
20250844,usr_1064,***苏南事业部,苏州,深度服****,员工,正式,2025/12/15 00:00,未申领,未申购,
20250871,usr_1065,***厦门事业部,厦门,深度服****,员工,正式,2025/12/18 00:00,未申领,未申购,
20250873,usr_1066,***川渝事业部,成都,深度服****,员工,正式,2025/12/15 00:00,未申领,已申购,已支付
20250894,usr_1067,***浙江事业部,宁波,深度服****,员工,正式,2025/12/19 00:00,未申领,未申购,
20250896,usr_1068,***福州事业部,福州,深度服****,员工,正式,2025/12/18 00:00,未申领,未申购,
20250911,usr_1069,***浙江事业部,宁波,深度服****,员工,正式,2025/12/19 00:00,未申领,未申购,