员工ID,姓名,事业部,城市,站点,岗位,员工状态,申购情况,申购订单状态
1,员工1,事业部1,城市1,站点1,岗位1,正式,未申购,
2,员工2,事业部2,城市1,站点2,岗位2,正式,已申购,已支付
3,员工3,事业部2,城市1,站点2,岗位2,正式,已申购,已支付
4,员工4,事业部2,城市2,站点3,岗位2,正式,已申购,已支付
5,员工5,事业部3,城市2,站点4,岗位2,正式,已申购,已支付
6,员工6,事业部4,城市3,站点5,岗位2,正式,未申购,
7,员工7,事业部5,城市2,站点6,岗位2,正式,已申购,已支付
8,员工8,事业部6,城市4,站点7,岗位2,正式,已申购,已支付
9,员工9,事业部2,城市1,站点2,岗位1,正式,已申购,已支付
10,员工10,事业部2,城市3,站点8,岗位3,正式,已申购,已支付
11,员工11,事业部7,城市5,站点9,岗位2,正式,已申购,已支付
12,员工12,事业部3,城市2,站点4,岗位2,正式,已申购,已支付
13,员工13,事业部2,城市5,站点10,岗位2,正式,已申购,已支付
14,员工14,事业部4,城市6,站点11,岗位4,正式,已申购,已支付
15,员工15,事业部2,城市7,站点12,岗位4,正式,已申购,已支付
16,员工16,事业部2,城市8,站点13,岗位2,正式,已申购,已支付
17,员工17,事业部6,城市9,站点14,岗位2,正式,已申购,已支付
18,员工18,事业部7,城市5,站点15,岗位2,正式,已申购,已支付
19,员工19,事业部8,城市10,站点16,岗位2,正式,已申购,已支付
20,员工20,事业部6,城市9,站点14,岗位2,正式,已申购,已支付
21,员工21,事业部9,城市11,站点17,岗位2,正式,已申购,已支付
22,员工22,事业部7,城市5,站点9,岗位2,正式,已申购,已支付
23,员工23,事业部10,城市8,站点18,岗位2,正式,已申购,已支付
24,员工24,事业部4,城市3,站点5,岗位5,正式,已申购,已支付
25,员工25,事业部8,城市10,站点19,岗位2,正式,已申购,已支付
26,员工26,事业部8,城市10,站点16,岗位2,正式,已申购,已支付
27,员工27,事业部11,城市12,站点20,岗位2,正式,已申购,已支付
28,员工28,事业部12,城市13,站点21,岗位2,正式,已申购,已支付
29,员工29,事业部8,城市14,站点22,岗位5,正式,已申购,已支付
30,员工30,事业部13,城市15,站点23,岗位1,正式,已申购,已支付
31,员工31,事业部1,城市1,站点24,岗位2,正式,已申购,已支付
32,员工32,事业部2,城市15,站点25,岗位2,正式,已申购,已支付
33,员工33,事业部9,城市11,站点17,岗位1,正式,已申购,已支付
34,员工34,事业部2,城市7,站点12,岗位2,正式,已申购,已支付
35,员工35,事业部10,城市8,站点26,岗位4,正式,已申购,已支付
36,员工36,事业部12,城市13,站点21,岗位2,正式,已申购,已支付
37,员工37,事业部3,城市2,站点4,岗位2,正式,已申购,已支付
38,员工38,事业部1,城市1,站点24,岗位2,正式,已申购,已支付
39,员工39,事业部1,城市1,站点27,岗位2,正式,已申购,已支付
40,员工40,事业部6,城市9,站点14,岗位2,正式,已申购,已支付
41,员工41,事业部3,城市2,站点28,岗位2,正式,已申购,已支付
42,员工42,事业部9,城市7,站点29,岗位4,正式,已申购,已支付
43,员工43,事业部4,城市3,站点30,岗位2,正式,已申购,已支付
44,员工44,事业部4,城市3,站点30,岗位2,正式,已申购,已支付
45,员工45,事业部8,城市14,站点22,岗位2,正式,已申购,已支付
46,员工46,事业部3,城市2,站点4,岗位2,正式,已申购,已支付
47,员工47,事业部11,城市12,站点20,岗位5,正式,已申购,已支付
48,员工48,事业部8,城市14,站点22,岗位4,正式,已申购,已支付
49,员工49,事业部4,城市3,站点31,岗位2,正式,已申购,已支付
50,员工50,事业部8,城市14,站点32,岗位2,正式,已申购,已支付
51,员工51,事业部4,城市6,站点11,岗位2,正式,已申购,已支付
52,员工52,事业部5,城市2,站点33,岗位6,正式,未申购,
53,员工53,事业部3,城市2,站点4,岗位2,正式,已申购,已支付
54,员工54,事业部4,城市3,站点31,岗位2,正式,已申购,已支付
55,员工55,事业部14,城市2,站点34,岗位7,正式,已申购,已支付
56,员工56,事业部7,城市5,站点9,岗位2,正式,已申购,已支付
57,员工57,事业部13,城市15,站点35,岗位2,正式,已申购,已支付
58,员工58,事业部11,城市16,站点36,岗位2,正式,已申购,已支付
59,员工59,事业部9,城市7,站点37,岗位2,正式,已申购,已支付
60,员工60,事业部8,城市14,站点22,岗位2,正式,已申购,已支付
61,员工61,事业部2,城市8,站点13,岗位2,正式,已申购,已支付
62,员工62,事业部2,城市1,站点2,岗位2,正式,已申购,已支付
63,员工63,事业部3,城市2,站点4,岗位2,正式,已申购,已支付
64,员工64,事业部6,城市9,站点38,岗位2,正式,已申购,已支付
65,员工65,事业部1,城市1,站点1,岗位2,正式,已申购,已支付
66,员工66,事业部2,城市3,站点39,岗位2,正式,已申购,已支付
67,员工67,事业部2,城市5,站点10,岗位2,正式,已申购,已支付
68,员工68,事业部8,城市10,站点19,岗位2,正式,已申购,已支付
69,员工69,事业部3,城市2,站点4,岗位2,正式,已申购,已支付
70,员工70,事业部2,城市2,站点3,岗位4,正式,已申购,已支付
71,员工71,事业部11,城市16,站点36,岗位2,正式,已申购,已支付
72,员工72,事业部1,城市1,站点40,岗位4,正式,已申购,已支付
73,员工73,事业部4,城市3,站点5,岗位2,正式,已申购,已支付
74,员工74,事业部12,城市13,站点21,岗位2,正式,已申购,已支付
75,员工75,事业部6,城市9,站点14,岗位1,正式,已申购,已支付
76,员工76,事业部11,城市12,站点20,岗位2,正式,已申购,已支付
77,员工77,事业部7,城市5,站点9,岗位3,正式,未申购,
78,员工78,事业部1,城市1,站点1,岗位2,正式,已申购,已支付
79,员工79,事业部6,城市9,站点14,岗位2,正式,已申购,已支付
80,员工80,事业部1,城市1,站点24,岗位2,正式,已申购,已支付
81,员工81,事业部1,城市1,站点24,岗位2,正式,已申购,已支付
82,员工82,事业部1,城市1,站点24,岗位2,正式,已申购,已支付
83,员工83,事业部8,城市14,站点22,岗位2,正式,已申购,已支付
84,员工84,事业部4,城市3,站点5,岗位4,正式,已申购,已支付
85,员工85,事业部11,城市12,站点20,岗位1,正式,已申购,已支付
86,员工86,事业部9,城市7,站点37,岗位2,正式,已申购,已支付
87,员工87,事业部9,城市7,站点37,岗位4,正式,已申购,已支付
88,员工88,事业部4,城市3,站点31,岗位4,正式,已申购,已支付
89,员工33,事业部8,城市10,站点16,岗位3,正式,已申购,已支付
90,员工89,事业部9,城市7,站点37,岗位4,正式,已申购,已支付
91,员工90,事业部2,城市3,站点39,岗位3,正式,已申购,已支付
92,员工91,事业部2,城市3,站点39,岗位4,正式,已申购,已支付
93,员工92,事业部5,城市2,站点6,岗位2,正式,已申购,已支付
94,员工93,事业部11,城市16,站点36,岗位2,正式,未申购,
95,员工94,事业部4,城市3,站点31,岗位2,正式,已申购,已支付
96,员工95,事业部4,城市3,站点31,岗位2,正式,已申购,已支付
97,员工96,事业部2,城市7,站点12,岗位4,正式,已申购,已支付
98,员工97,事业部4,城市3,站点5,岗位1,正式,已申购,已支付
99,员工98,事业部4,城市3,站点5,岗位2,正式,已申购,已支付
100,员工99,事业部6,城市9,站点14,岗位2,正式,未申购,
101,员工100,事业部6,城市4,站点7,岗位2,正式,已申购,已支付
102,员工101,事业部4,城市3,站点5,岗位4,正式,已申购,已支付
103,员工102,事业部6,城市9,站点14,岗位2,正式,已申购,已支付
104,员工103,事业部11,城市12,站点20,岗位2,正式,已申购,已支付
105,员工54,事业部6,城市9,站点14,岗位2,正式,已申购,已支付
106,员工104,事业部3,城市2,站点4,岗位7,正式,已申购,已支付
107,员工105,事业部13,城市15,站点35,岗位2,正式,已申购,已支付
108,员工106,事业部11,城市16,站点36,岗位2,正式,已申购,已支付
109,员工107,事业部3,城市2,站点4,岗位2,正式,已申购,已支付
110,员工108,事业部1,城市1,站点24,岗位2,正式,已申购,已支付
111,员工109,事业部14,城市2,站点34,岗位2,正式,已申购,已支付
112,员工110,事业部4,城市6,站点11,岗位2,正式,已申购,已支付
113,员工111,事业部5,城市2,站点6,岗位2,正式,已申购,已支付
114,员工112,事业部9,城市7,站点29,岗位4,正式,已申购,已支付
115,员工113,事业部11,城市12,站点20,岗位2,正式,已申购,已支付
116,员工114,事业部1,城市1,站点1,岗位2,正式,已申购,已支付
117,员工115,事业部2,城市3,站点39,岗位2,正式,已申购,已支付
118,员工116,事业部5,城市2,站点6,岗位4,正式,已申购,已支付
119,员工117,事业部12,城市13,站点21,岗位5,正式,已申购,已支付
120,员工118,事业部8,城市10,站点16,岗位2,正式,已申购,已支付
121,员工119,事业部8,城市10,站点16,岗位2,正式,已申购,已支付
122,员工120,事业部1,城市1,站点24,岗位2,正式,已申购,已支付
123,员工121,事业部5,城市2,站点6,岗位2,正式,已申购,已支付
124,员工122,事业部5,城市2,站点6,岗位4,正式,已申购,已支付
125,员工123,事业部2,城市2,站点3,岗位2,正式,已申购,已支付
126,员工124,事业部14,城市2,站点41,岗位2,正式,已申购,已支付
127,员工125,事业部1,城市1,站点24,岗位2,正式,已申购,已支付
128,员工126,事业部1,城市1,站点1,岗位2,正式,已申购,已支付
129,员工127,事业部2,城市2,站点3,岗位2,正式,已申购,已支付
130,员工128,事业部10,城市8,站点42,岗位2,正式,已申购,已支付
131,员工129,事业部5,城市2,站点6,岗位2,正式,已申购,已支付
132,员工130,事业部14,城市2,站点34,岗位2,正式,已申购,已支付
133,员工131,事业部5,城市2,站点6,岗位4,正式,已申购,已支付
134,员工132,事业部8,城市10,站点16,岗位2,正式,已申购,已支付
135,员工133,事业部14,城市2,站点34,岗位4,正式,已申购,已支付
136,员工134,事业部1,城市1,站点40,岗位5,正式,已申购,已支付
137,员工135,事业部14,城市2,站点34,岗位2,正式,已申购,已支付
138,员工136,事业部2,城市2,站点3,岗位2,正式,已申购,已支付
139,员工137,事业部10,城市17,站点43,岗位2,正式,已申购,已支付
140,员工138,事业部4,城市3,站点5,岗位4,正式,已申购,已支付
141,员工139,事业部9,城市7,站点37,岗位2,正式,已申购,已支付
142,员工140,事业部2,城市3,站点39,岗位2,正式,已申购,已支付
143,员工141,事业部3,城市2,站点28,岗位4,正式,已申购,已支付
144,员工142,事业部10,城市8,站点42,岗位7,正式,已申购,已支付
145,员工143,事业部8,城市10,站点16,岗位7,正式,已申购,已支付
146,员工144,事业部3,城市2,站点4,岗位4,正式,已申购,已支付
147,员工145,事业部9,城市7,站点37,岗位2,正式,已申购,已支付
148,员工146,事业部8,城市10,站点16,岗位2,正式,已申购,已支付
149,员工147,事业部11,城市12,站点20,岗位2,正式,已申购,已支付
150,员工148,事业部5,城市2,站点6,岗位4,正式,已申购,已支付
151,员工149,事业部3,城市2,站点4,岗位2,正式,已申购,已支付
152,员工150,事业部2,城市2,站点3,岗位2,正式,已申购,已支付
153,员工151,事业部2,城市3,站点39,岗位4,正式,已申购,已支付
154,员工152,事业部5,城市2,站点6,岗位2,正式,已申购,已支付
155,员工153,事业部2,城市3,站点39,岗位2,正式,已申购,已支付
156,员工154,事业部8,城市10,站点16,岗位2,正式,已申购,已支付
157,员工155,事业部4,城市3,站点5,岗位2,正式,已申购,已支付
158,员工156,事业部5,城市2,站点33,岗位2,正式,未申购,
159,员工157,事业部2,城市2,站点3,岗位2,正式,已申购,已支付
160,员工158,事业部2,城市2,站点3,岗位2,正式,已申购,已支付
161,员工159,事业部1,城市1,站点40,岗位2,正式,已申购,已支付
162,员工160,事业部14,城市2,站点34,岗位1,正式,已申购,已支付
163,员工161,事业部2,城市1,站点2,岗位2,正式,已申购,已支付
164,员工101,事业部6,城市9,站点14,岗位4,正式,已申购,已支付
165,员工162,事业部10,城市8,站点26,岗位2,正式,已申购,已支付
166,员工163,事业部9,城市7,站点37,岗位2,正式,未申购,
167,员工164,事业部2,城市1,站点2,岗位2,正式,已申购,已支付
168,员工165,事业部5,城市2,站点6,岗位4,正式,已申购,已支付
169,员工166,事业部11,城市12,站点20,岗位2,正式,已申购,已支付
170,员工167,事业部4,城市3,站点5,岗位2,正式,已申购,已支付
171,员工168,事业部11,城市16,站点36,岗位2,正式,未申购,
172,员工169,事业部3,城市2,站点4,岗位2,正式,已申购,已支付
173,员工170,事业部2,城市7,站点12,岗位2,正式,已申购,已支付
174,员工171,事业部9,城市11,站点17,岗位2,正式,已申购,已支付
175,员工172,事业部14,城市2,站点34,岗位2,正式,已申购,已支付
176,员工173,事业部9,城市11,站点17,岗位4,正式,已申购,已支付
177,员工174,事业部4,城市3,站点31,岗位2,正式,已申购,已支付
178,员工175,事业部11,城市16,站点36,岗位3,正式,已申购,已支付
179,员工176,事业部9,城市11,站点17,岗位2,正式,已申购,已支付
180,员工177,事业部4,城市3,站点31,岗位2,正式,已申购,已支付
181,员工178,事业部8,城市14,站点22,岗位2,正式,已申购,已支付
182,员工179,事业部9,城市7,站点44,岗位2,正式,已申购,已支付
183,员工9,事业部9,城市11,站点17,岗位4,正式,已申购,已支付
184,员工180,事业部8,城市10,站点16,岗位2,正式,已申购,已支付
185,员工181,事业部1,城市1,站点40,岗位4,正式,已申购,已支付
186,员工182,事业部2,城市8,站点13,岗位2,正式,已申购,已支付
187,员工183,事业部12,城市13,站点21,岗位2,正式,已申购,已支付
188,员工184,事业部9,城市11,站点17,岗位2,正式,已申购,已支付
189,员工185,事业部14,城市2,站点41,岗位2,正式,已申购,已支付
190,员工186,事业部3,城市2,站点4,岗位4,正式,已申购,已支付
191,员工187,事业部5,城市2,站点6,岗位2,正式,已申购,已支付
192,员工188,事业部10,城市17,站点43,岗位2,正式,已申购,已支付
193,员工189,事业部7,城市5,站点9,岗位4,正式,已申购,已支付
194,员工190,事业部8,城市10,站点16,岗位2,正式,已申购,已支付
195,员工191,事业部8,城市10,站点16,岗位2,正式,已申购,已支付
196,员工192,事业部9,城市7,站点37,岗位1,正式,已申购,已支付
197,员工193,事业部2,城市2,站点3,岗位2,正式,已申购,已支付
198,员工194,事业部8,城市18,站点45,岗位2,正式,已申购,已支付
199,员工195,事业部8,城市10,站点16,岗位2,正式,已申购,已支付
200,员工196,事业部4,城市6,站点11,岗位1,正式,已申购,已支付
201,员工197,事业部4,城市6,站点11,岗位2,正式,已申购,已支付
202,员工198,事业部9,城市11,站点17,岗位2,正式,已申购,已支付
203,员工199,事业部4,城市3,站点31,岗位2,正式,已申购,已支付
204,员工200,事业部14,城市2,站点46,岗位2,正式,已申购,已支付
205,员工201,事业部8,城市10,站点16,岗位6,正式,已申购,已支付
206,员工202,事业部2,城市7,站点12,岗位2,正式,已申购,已支付
207,员工203,事业部2,城市2,站点3,岗位1,正式,已申购,已支付
208,员工204,事业部2,城市2,站点3,岗位2,正式,已申购,已支付
209,员工205,事业部5,城市2,站点6,岗位2,正式,已申购,已支付
210,员工206,事业部5,城市2,站点6,岗位2,正式,已申购,已支付
211,员工207,事业部1,城市1,站点1,岗位4,正式,已申购,已支付
212,员工208,事业部2,城市8,站点13,岗位2,正式,已申购,已支付
213,员工209,事业部2,城市3,站点39,岗位2,正式,已申购,已支付
214,员工210,事业部5,城市2,站点6,岗位2,正式,已申购,已支付
215,员工211,事业部1,城市1,站点24,岗位2,正式,已申购,已支付
216,员工212,事业部8,城市14,站点22,岗位2,正式,已申购,已支付
217,员工213,事业部14,城市2,站点34,岗位4,正式,已申购,已支付
218,员工214,事业部11,城市16,站点36,岗位2,正式,已申购,已支付
219,员工215,事业部5,城市2,站点6,岗位2,正式,已申购,已支付
220,员工216,事业部9,城市7,站点37,岗位2,正式,已申购,已支付
221,员工217,事业部3,城市2,站点28,岗位2,正式,已申购,已支付
222,员工218,事业部8,城市10,站点16,岗位2,正式,已申购,已支付
223,员工219,事业部1,城市1,站点1,岗位2,正式,已申购,已支付
224,员工220,事业部3,城市2,站点4,岗位4,正式,已申购,已支付
225,员工221,事业部2,城市8,站点13,岗位2,正式,已申购,已支付
226,员工222,事业部8,城市18,站点45,岗位2,正式,已申购,已支付
227,员工223,事业部2,城市1,站点2,岗位7,正式,已申购,已支付
228,员工224,事业部8,城市10,站点16,岗位2,正式,已申购,已支付
229,员工225,事业部11,城市16,站点36,岗位2,正式,已申购,已支付
230,员工226,事业部4,城市3,站点31,岗位4,正式,已申购,已支付
231,员工227,事业部4,城市3,站点31,岗位2,正式,已申购,已支付
232,员工228,事业部4,城市3,站点31,岗位2,正式,已申购,已支付
233,员工229,事业部11,城市16,站点36,岗位4,正式,已申购,已支付
234,员工230,事业部11,城市16,站点36,岗位2,正式,未申购,
235,员工231,事业部2,城市1,站点2,岗位2,正式,已申购,已支付
236,员工232,事业部9,城市11,站点17,岗位2,正式,已申购,已支付
237,员工233,事业部14,城市2,站点34,岗位2,正式,已申购,已支付
238,员工234,事业部3,城市2,站点4,岗位4,正式,已申购,已支付
239,员工235,事业部2,城市3,站点39,岗位1,正式,已申购,已支付
240,员工236,事业部6,城市9,站点14,岗位2,正式,已申购,已支付
241,员工237,事业部2,城市3,站点39,岗位2,正式,已申购,已支付
242,员工238,事业部2,城市7,站点12,岗位2,正式,已申购,已支付
243,员工239,事业部2,城市5,站点10,岗位2,正式,已申购,已支付
244,员工240,事业部2,城市8,站点13,岗位2,正式,已申购,已支付
245,员工241,事业部9,城市7,站点29,岗位2,正式,已申购,已支付
246,员工242,事业部9,城市7,站点37,岗位4,正式,已申购,已支付
247,员工243,事业部8,城市18,站点45,岗位2,正式,已申购,已支付
248,员工244,事业部2,城市1,站点2,岗位2,正式,已申购,已支付
249,员工245,事业部2,城市1,站点2,岗位2,正式,已申购,已支付
250,员工246,事业部3,城市2,站点4,岗位4,正式,已申购,已支付
251,员工247,事业部3,城市2,站点4,岗位2,正式,已申购,已支付
252,员工248,事业部2,城市15,站点25,岗位2,正式,已申购,已支付
253,员工249,事业部11,城市16,站点36,岗位2,正式,已申购,已支付
254,员工250,事业部2,城市8,站点13,岗位2,正式,已申购,已支付
255,员工251,事业部3,城市2,站点4,岗位2,正式,已申购,已支付
256,员工252,事业部5,城市2,站点6,岗位2,正式,已申购,已支付
257,员工253,事业部6,城市9,站点14,岗位2,正式,未申购,
258,员工254,事业部5,城市2,站点47,岗位2,正式,已申购,已支付
259,员工255,事业部10,城市8,站点48,岗位2,正式,已申购,已支付
260,员工256,事业部4,城市3,站点5,岗位2,正式,已申购,已支付
261,员工257,事业部11,城市16,站点36,岗位4,正式,已申购,已支付
262,员工258,事业部10,城市17,站点43,岗位2,正式,已申购,已支付
263,员工259,事业部8,城市10,站点16,岗位2,正式,已申购,已支付
264,员工260,事业部9,城市7,站点29,岗位2,正式,已申购,已支付
265,员工261,事业部4,城市3,站点5,岗位2,正式,已申购,已支付
266,员工262,事业部2,城市5,站点10,岗位2,正式,已申购,已支付
267,员工263,事业部12,城市13,站点21,岗位2,正式,已申购,已支付
268,员工264,事业部3,城市2,站点4,岗位3,正式,已申购,已支付
269,员工265,事业部7,城市5,站点9,岗位2,正式,已申购,已支付
270,员工266,事业部10,城市8,站点48,岗位2,正式,已申购,已支付
271,员工267,事业部7,城市5,站点9,岗位2,正式,已申购,已支付
272,员工268,事业部10,城市17,站点43,岗位2,正式,已申购,已支付
273,员工269,事业部3,城市2,站点4,岗位2,正式,已申购,已支付
274,员工270,事业部13,城市15,站点49,岗位3,正式,未申购,
275,员工271,事业部3,城市2,站点4,岗位1,正式,已申购,已支付
276,员工272,事业部7,城市5,站点15,岗位4,正式,已申购,已支付
277,员工273,事业部4,城市3,站点31,岗位4,正式,已申购,已支付
278,员工274,事业部5,城市2,站点33,岗位2,正式,未申购,
279,员工275,事业部6,城市9,站点14,岗位2,正式,已申购,已支付
280,员工276,事业部7,城市5,站点9,岗位4,正式,已申购,已支付
281,员工277,事业部5,城市2,站点6,岗位2,正式,已申购,已支付
282,员工278,事业部13,城市15,站点23,岗位2,正式,已申购,已支付
283,员工279,事业部8,城市18,站点45,岗位2,正式,未申购,
284,员工280,事业部3,城市2,站点4,岗位2,正式,已申购,已支付
285,员工281,事业部5,城市2,站点6,岗位2,正式,已申购,已支付
286,员工282,事业部14,城市2,站点50,岗位2,正式,已申购,已支付
287,员工283,事业部2,城市3,站点39,岗位2,正式,已申购,已支付
288,员工284,事业部2,城市7,站点12,岗位1,正式,已申购,已支付
289,员工285,事业部2,城市3,站点39,岗位1,正式,已申购,已支付
290,员工286,事业部2,城市2,站点3,岗位2,正式,已申购,已支付
291,员工287,事业部4,城市3,站点31,岗位2,正式,已申购,已支付
292,员工288,事业部10,城市8,站点26,岗位1,正式,已申购,已支付
293,员工289,事业部3,城市2,站点4,岗位2,正式,已申购,已支付
294,员工290,事业部4,城市6,站点11,岗位2,正式,已申购,已支付
295,员工291,事业部1,城市1,站点24,岗位2,正式,已申购,已支付
296,员工292,事业部6,城市9,站点14,岗位2,正式,已申购,已支付
297,员工293,事业部2,城市7,站点12,岗位2,正式,已申购,已支付
298,员工294,事业部14,城市2,站点34,岗位2,正式,已申购,已支付
299,员工295,事业部14,城市2,站点41,岗位2,正式,已申购,已支付
300,员工296,事业部2,城市3,站点39,岗位2,正式,已申购,已支付
301,员工297,事业部2,城市1,站点2,岗位2,正式,已申购,已支付
302,员工298,事业部14,城市2,站点41,岗位4,正式,已申购,已支付
303,员工299,事业部2,城市3,站点39,岗位2,正式,已申购,已支付
304,员工300,事业部9,城市11,站点17,岗位2,正式,已申购,已支付
305,员工301,事业部2,城市5,站点10,岗位2,正式,已申购,已支付
306,员工302,事业部3,城市2,站点4,岗位2,正式,已申购,已支付
307,员工303,事业部5,城市2,站点6,岗位2,正式,已申购,已支付
308,员工304,事业部7,城市5,站点15,岗位2,正式,已申购,已支付
309,员工305,事业部5,城市2,站点6,岗位2,正式,已申购,已支付
310,员工306,事业部9,城市11,站点51,岗位2,正式,已申购,已支付
311,员工307,事业部14,城市2,站点34,岗位2,正式,已申购,已支付
312,员工308,事业部2,城市3,站点39,岗位4,正式,已申购,已支付
313,员工309,事业部14,城市2,站点34,岗位2,正式,已申购,已支付
314,员工310,事业部7,城市5,站点9,岗位2,正式,已申购,已支付
315,员工311,事业部2,城市7,站点12,岗位2,正式,已申购,已支付
316,员工312,事业部9,城市7,站点37,岗位2,正式,已申购,已支付
317,员工313,事业部9,城市7,站点29,岗位2,正式,已申购,已支付
318,员工314,事业部4,城市3,站点30,岗位2,正式,已申购,已支付
319,员工315,事业部7,城市5,站点9,岗位2,正式,已申购,已支付
320,员工316,事业部2,城市1,站点2,岗位2,正式,已申购,已支付
321,员工317,事业部6,城市9,站点14,岗位2,正式,已申购,已支付
322,员工318,事业部2,城市3,站点39,岗位2,正式,已申购,已支付
323,员工319,事业部2,城市2,站点3,岗位2,正式,已申购,已支付
324,员工320,事业部8,城市14,站点32,岗位5,正式,已申购,已支付
325,员工321,事业部2,城市5,站点10,岗位2,正式,已申购,已支付
326,员工322,事业部2,城市8,站点13,岗位2,正式,已申购,已支付
327,员工323,事业部2,城市5,站点10,岗位2,正式,已申购,已支付
328,员工324,事业部9,城市7,站点29,岗位1,正式,已申购,已支付
329,员工325,事业部5,城市2,站点6,岗位2,正式,已申购,已支付
330,员工326,事业部14,城市2,站点41,岗位2,正式,已申购,已支付
331,员工327,事业部6,城市9,站点14,岗位2,正式,已申购,已支付
332,员工328,事业部14,城市2,站点41,岗位5,正式,已申购,已支付
333,员工329,事业部9,城市7,站点37,岗位2,正式,已申购,已支付
334,员工330,事业部7,城市5,站点9,岗位2,正式,已申购,已支付
335,员工331,事业部4,城市3,站点31,岗位2,正式,已申购,已支付
336,员工332,事业部9,城市11,站点17,岗位2,正式,已申购,已支付
337,员工333,事业部9,城市11,站点51,岗位2,正式,已申购,已支付
338,员工334,事业部8,城市14,站点22,岗位2,正式,已申购,已支付
339,员工335,事业部10,城市8,站点42,岗位2,正式,已申购,已支付
340,员工336,事业部2,城市2,站点3,岗位4,正式,已申购,已支付
341,员工337,事业部1,城市1,站点1,岗位1,正式,已申购,已支付
342,员工338,事业部7,城市5,站点9,岗位1,正式,已申购,已支付
343,员工339,事业部2,城市3,站点39,岗位2,正式,已申购,已支付
344,员工340,事业部9,城市7,站点37,岗位7,正式,已申购,已支付
345,员工341,事业部2,城市19,站点52,岗位3,正式,已申购,已支付
346,员工342,事业部2,城市15,站点53,岗位2,正式,已申购,已支付
347,员工343,事业部11,城市16,站点36,岗位2,正式,已申购,已支付
348,员工344,事业部6,城市9,站点14,岗位2,正式,已申购,已支付
349,员工345,事业部10,城市8,站点18,岗位4,正式,已申购,已支付
350,员工346,事业部7,城市5,站点9,岗位2,正式,已申购,已支付
351,员工347,事业部12,城市13,站点21,岗位2,正式,未申购,
352,员工348,事业部1,城市1,站点1,岗位5,正式,已申购,已支付
353,员工349,事业部11,城市16,站点36,岗位2,正式,已申购,已支付
354,员工350,事业部10,城市8,站点48,岗位2,正式,已申购,已支付
355,员工351,事业部8,城市10,站点19,岗位2,正式,已申购,已支付
356,员工352,事业部7,城市5,站点9,岗位2,正式,已申购,已支付
357,员工353,事业部7,城市5,站点9,岗位2,正式,已申购,已支付
358,员工354,事业部3,城市2,站点4,岗位4,正式,已申购,已支付
359,员工355,事业部2,城市2,站点3,岗位2,正式,已申购,已支付
360,员工356,事业部2,城市2,站点3,岗位4,正式,已申购,已支付
361,员工357,事业部4,城市3,站点5,岗位2,正式,已申购,已支付
362,员工358,事业部3,城市2,站点4,岗位2,正式,已申购,已支付
363,员工359,事业部14,城市2,站点50,岗位2,正式,已申购,已支付
364,员工360,事业部9,城市7,站点44,岗位2,正式,已申购,已支付
365,员工361,事业部14,城市2,站点34,岗位2,正式,已申购,已支付
366,员工362,事业部2,城市3,站点39,岗位2,正式,已申购,已支付
367,员工363,事业部8,城市14,站点22,岗位1,正式,已申购,已支付
368,员工364,事业部3,城市2,站点4,岗位2,正式,未申购,
369,员工365,事业部9,城市7,站点37,岗位2,正式,已申购,已支付
370,员工366,事业部7,城市5,站点9,岗位2,正式,已申购,已支付
371,员工367,事业部11,城市16,站点36,岗位2,正式,未申购,
372,员工368,事业部5,城市2,站点33,岗位2,正式,未申购,
373,员工369,事业部1,城市1,站点24,岗位2,正式,已申购,已支付
374,员工370,事业部1,城市1,站点1,岗位2,正式,已申购,已支付
375,员工371,事业部9,城市7,站点37,岗位2,正式,已申购,已支付
376,员工372,事业部1,城市1,站点24,岗位2,正式,已申购,已支付
377,员工373,事业部4,城市3,站点5,岗位2,正式,已申购,已支付
378,员工374,事业部4,城市3,站点5,岗位2,正式,已申购,已支付
379,员工375,事业部1,城市1,站点24,岗位2,正式,未申购,
380,员工376,事业部5,城市2,站点6,岗位2,正式,已申购,已支付
381,员工377,事业部9,城市7,站点37,岗位2,正式,已申购,已支付
382,员工378,事业部3,城市2,站点4,岗位2,正式,未申购,
383,员工379,事业部3,城市2,站点4,岗位2,正式,已申购,已支付
384,员工380,事业部1,城市1,站点1,岗位2,正式,已申购,已支付
385,员工381,事业部14,城市2,站点34,岗位2,正式,已申购,已支付
386,员工382,事业部2,城市7,站点12,岗位2,正式,已申购,已支付
387,员工383,事业部2,城市7,站点12,岗位2,正式,已申购,已支付
388,员工384,事业部9,城市11,站点51,岗位4,正式,已申购,已支付
389,员工385,事业部13,城市15,站点23,岗位2,正式,已申购,已支付
390,员工386,事业部5,城市2,站点6,岗位4,正式,已申购,已支付
391,员工387,事业部9,城市7,站点44,岗位2,正式,已申购,已支付
392,员工388,事业部5,城市2,站点33,岗位3,正式,未申购,
393,员工389,事业部3,城市2,站点4,岗位2,正式,已申购,已支付
394,员工390,事业部4,城市3,站点5,岗位2,正式,已申购,已支付
395,员工391,事业部1,城市1,站点1,岗位2,正式,已申购,已支付
396,员工392,事业部14,城市2,站点34,岗位2,正式,已申购,已支付
397,员工393,事业部14,城市2,站点34,岗位2,正式,已申购,已支付
398,员工394,事业部8,城市18,站点45,岗位1,正式,已申购,已支付
399,员工395,事业部4,城市3,站点31,岗位2,正式,已申购,已支付
400,员工396,事业部6,城市9,站点14,岗位2,正式,已申购,已支付
401,员工397,事业部5,城市2,站点33,岗位2,正式,未申购,
402,员工398,事业部4,城市3,站点31,岗位2,正式,已申购,已支付
403,员工399,事业部14,城市2,站点34,岗位2,正式,已申购,已支付
404,员工400,事业部14,城市2,站点34,岗位2,正式,已申购,已支付
405,员工401,事业部7,城市5,站点9,岗位2,正式,已申购,已支付
406,员工402,事业部6,城市9,站点14,岗位5,正式,已申购,已支付
407,员工403,事业部4,城市3,站点5,岗位2,正式,已申购,已支付
408,员工404,事业部5,城市2,站点6,岗位2,正式,已申购,已支付
409,员工255,事业部4,城市3,站点5,岗位3,正式,已申购,已支付
410,员工405,事业部4,城市3,站点5,岗位1,正式,已申购,已支付
411,员工406,事业部9,城市11,站点51,岗位2,正式,未申购,
412,员工72,事业部4,城市3,站点31,岗位7,正式,已申购,已支付
413,员工407,事业部5,城市2,站点33,岗位2,正式,未申购,
414,员工408,事业部4,城市3,站点31,岗位2,正式,已申购,已支付
415,员工409,事业部2,城市2,站点3,岗位2,正式,已申购,已支付
416,员工410,事业部2,城市2,站点3,岗位2,正式,已申购,已支付
417,员工411,事业部6,城市9,站点14,岗位1,正式,已申购,已支付
418,员工412,事业部2,城市7,站点12,岗位2,正式,已申购,已支付
419,员工413,事业部2,城市3,站点39,岗位2,正式,已申购,已支付
420,员工414,事业部8,城市14,站点22,岗位2,正式,已申购,已支付
421,员工415,事业部4,城市6,站点54,岗位4,正式,已申购,已支付
422,员工416,事业部5,城市2,站点6,岗位2,正式,已申购,已支付
423,员工417,事业部2,城市3,站点39,岗位2,正式,已申购,已支付
424,员工418,事业部8,城市10,站点19,岗位2,正式,已申购,已支付
425,员工419,事业部14,城市2,站点34,岗位2,正式,已申购,已支付
426,员工420,事业部4,城市3,站点5,岗位2,正式,已申购,已支付
427,员工421,事业部7,城市5,站点9,岗位2,正式,已申购,已支付
428,员工422,事业部10,城市17,站点43,岗位1,正式,已申购,已支付
429,员工423,事业部7,城市5,站点9,岗位2,正式,未申购,
430,员工424,事业部11,城市16,站点36,岗位2,正式,已申购,已支付
431,员工425,事业部11,城市16,站点36,岗位2,正式,未申购,
432,员工426,事业部5,城市2,站点47,岗位2,正式,已申购,已支付
433,员工427,事业部2,城市7,站点12,岗位2,正式,已申购,已支付
434,员工428,事业部4,城市3,站点5,岗位2,正式,未申购,
435,员工429,事业部8,城市14,站点22,岗位2,正式,已申购,已支付
436,员工430,事业部8,城市18,站点45,岗位2,正式,未申购,
437,员工431,事业部8,城市18,站点45,岗位2,正式,未申购,
438,员工432,事业部11,城市16,站点36,岗位2,正式,未申购,
439,员工433,事业部11,城市16,站点36,岗位2,正式,未申购,
440,员工434,事业部4,城市6,站点11,岗位2,正式,未申购,
441,员工435,事业部11,城市16,站点36,岗位1,正式,已申购,已支付
442,员工436,事业部8,城市18,站点45,岗位2,正式,已申购,已支付
443,员工437,事业部11,城市16,站点36,岗位2,正式,未申购,
444,员工438,事业部8,城市10,站点55,岗位2,正式,未申购,
445,员工439,事业部8,城市18,站点45,岗位2,正式,未申购,
446,员工440,事业部11,城市16,站点36,岗位2,正式,未申购,
447,员工441,事业部11,城市16,站点36,岗位2,正式,未申购,
448,员工442,事业部7,城市5,站点15,岗位2,正式,已申购,已支付
449,员工443,事业部4,城市3,站点5,岗位2,正式,未申购,
450,员工444,事业部8,城市18,站点45,岗位2,正式,未申购,
451,员工445,事业部12,城市13,站点56,岗位2,正式,已申购,已支付
452,员工446,事业部11,城市16,站点36,岗位2,正式,未申购,
453,员工447,事业部8,城市10,站点19,岗位2,正式,已申购,已支付
454,员工448,事业部4,城市6,站点11,岗位2,正式,未申购,
455,员工449,事业部3,城市2,站点4,岗位2,正式,未申购,
456,员工450,事业部9,城市11,站点17,岗位2,正式,未申购,
457,员工451,事业部3,城市2,站点4,岗位2,正式,未申购,
458,员工452,事业部5,城市2,站点6,岗位2,正式,未申购,
459,员工453,事业部11,城市16,站点36,岗位2,正式,未申购,
460,员工454,事业部8,城市10,站点55,岗位2,正式,未申购,
461,员工455,事业部7,城市5,站点9,岗位2,正式,已申购,已支付
462,员工456,事业部5,城市2,站点6,岗位2,正式,已申购,已支付
463,员工457,事业部5,城市2,站点6,岗位4,正式,已申购,已支付
464,员工458,事业部1,城市1,站点24,岗位2,正式,已申购,已支付
465,员工459,事业部9,城市11,站点17,岗位2,正式,未申购,
466,员工460,事业部6,城市9,站点14,岗位2,正式,未申购,
467,员工461,事业部8,城市10,站点19,岗位2,正式,已申购,已支付
468,员工462,事业部5,城市2,站点6,岗位2,正式,已申购,已支付
469,员工463,事业部3,城市2,站点4,岗位2,正式,已申购,已支付
470,员工464,事业部14,城市2,站点41,岗位2,正式,已申购,已支付
471,员工465,事业部11,城市16,站点36,岗位2,正式,未申购,
472,员工466,事业部9,城市7,站点37,岗位2,正式,已申购,已支付
473,员工467,事业部5,城市2,站点6,岗位2,正式,已申购,已支付
474,员工468,事业部6,城市4,站点7,岗位2,正式,已申购,已支付
475,员工469,事业部8,城市10,站点16,岗位2,正式,已申购,已支付
476,员工470,事业部8,城市18,站点45,岗位2,正式,未申购,
477,员工471,事业部3,城市2,站点28,岗位2,正式,已申购,已支付
478,员工472,事业部10,城市8,站点48,岗位2,正式,已申购,已支付
479,员工473,事业部10,城市8,站点42,岗位2,正式,已申购,已支付
480,员工474,事业部3,城市2,站点4,岗位2,正式,已申购,已支付
481,员工475,事业部4,城市3,站点31,岗位4,正式,已申购,已支付
482,员工476,事业部11,城市16,站点36,岗位2,正式,已申购,已支付
483,员工477,事业部11,城市16,站点36,岗位2,正式,已申购,已支付
484,员工478,事业部11,城市16,站点36,岗位2,正式,已申购,已支付
485,员工479,事业部9,城市11,站点17,岗位2,正式,已申购,已支付
486,员工480,事业部5,城市2,站点33,岗位2,正式,未申购,
487,员工481,事业部3,城市2,站点4,岗位2,正式,已申购,已支付
488,员工482,事业部11,城市16,站点36,岗位2,正式,未申购,
489,员工483,事业部14,城市2,站点34,岗位2,正式,已申购,已支付
490,员工484,事业部9,城市7,站点37,岗位2,正式,已申购,已支付
491,员工485,事业部3,城市2,站点4,岗位2,正式,已申购,已支付
492,员工486,事业部14,城市2,站点50,岗位2,正式,已申购,已支付
493,员工487,事业部3,城市2,站点4,岗位2,正式,未申购,
494,员工488,事业部8,城市10,站点55,岗位2,正式,未申购,
495,员工489,事业部10,城市8,站点42,岗位1,正式,已申购,已支付
496,员工490,事业部10,城市17,站点43,岗位2,正式,已申购,已支付
497,员工491,事业部1,城市1,站点1,岗位2,正式,已申购,已支付
498,员工492,事业部11,城市16,站点36,岗位2,正式,未申购,
499,员工493,事业部2,城市3,站点39,岗位2,正式,已申购,已支付
500,员工494,事业部4,城市3,站点31,岗位1,正式,已申购,已支付
501,员工495,事业部5,城市2,站点6,岗位2,正式,已申购,已支付
502,员工496,事业部12,城市13,站点21,岗位2,正式,未申购,
503,员工497,事业部11,城市16,站点36,岗位2,正式,未申购,
504,员工498,事业部8,城市10,站点16,岗位2,正式,已申购,已支付
505,员工499,事业部1,城市1,站点24,岗位2,正式,已申购,已支付
506,员工500,事业部6,城市9,站点38,岗位4,正式,已申购,已支付
507,员工501,事业部4,城市3,站点30,岗位4,正式,已申购,已支付
508,员工502,事业部11,城市16,站点36,岗位2,正式,未申购,
509,员工503,事业部11,城市12,站点20,岗位2,正式,未申购,
510,员工504,事业部6,城市9,站点14,岗位2,正式,未申购,
511,员工505,事业部7,城市5,站点9,岗位2,正式,已申购,已支付
512,员工506,事业部12,城市13,站点56,岗位2,正式,已申购,已支付
513,员工507,事业部3,城市2,站点4,岗位2,正式,未申购,
514,员工508,事业部9,城市7,站点29,岗位2,正式,已申购,已支付
515,员工509,事业部1,城市1,站点24,岗位2,正式,未申购,
516,员工510,事业部9,城市7,站点37,岗位2,正式,未申购,
517,员工511,事业部8,城市10,站点55,岗位2,正式,未申购,
518,员工512,事业部4,城市3,站点5,岗位2,正式,已申购,已支付
519,员工513,事业部7,城市5,站点15,岗位2,正式,已申购,已支付
520,员工514,事业部4,城市3,站点5,岗位2,正式,已申购,已支付
521,员工515,事业部1,城市1,站点1,岗位2,正式,已申购,已支付
522,员工516,事业部1,城市1,站点1,岗位2,正式,已申购,已支付
523,员工517,事业部4,城市3,站点5,岗位2,正式,已申购,已支付
524,员工518,事业部8,城市10,站点55,岗位2,正式,未申购,
525,员工519,事业部12,城市13,站点21,岗位2,正式,已申购,已支付
526,员工520,事业部8,城市10,站点55,岗位2,正式,未申购,
527,员工521,事业部7,城市5,站点9,岗位2,正式,未申购,
528,员工291,事业部7,城市5,站点15,岗位2,正式,已申购,已支付
529,员工522,事业部7,城市5,站点9,岗位2,正式,已申购,已支付
530,员工523,事业部14,城市2,站点34,岗位2,正式,已申购,已支付
531,员工524,事业部6,城市4,站点7,岗位2,正式,未申购,
532,员工525,事业部6,城市4,站点7,岗位2,正式,已申购,已支付
533,员工526,事业部8,城市18,站点45,岗位2,正式,未申购,
534,员工446,事业部9,城市7,站点29,岗位2,正式,已申购,已支付
535,员工527,事业部14,城市2,站点46,岗位6,正式,已申购,已支付
536,员工528,事业部1,城市1,站点27,岗位2,正式,已申购,已支付
537,员工529,事业部3,城市2,站点4,岗位2,正式,已申购,已支付
538,员工530,事业部10,城市17,站点43,岗位2,正式,未申购,
539,员工531,事业部8,城市10,站点16,岗位2,正式,未申购,
540,员工532,事业部14,城市2,站点34,岗位2,正式,已申购,已支付
541,员工533,事业部3,城市2,站点4,岗位2,正式,已申购,已支付
542,员工534,事业部2,城市2,站点3,岗位2,正式,已申购,已支付
543,员工535,事业部9,城市7,站点44,岗位4,正式,已申购,已支付
544,员工536,事业部9,城市11,站点17,岗位2,正式,已申购,已支付
545,员工537,事业部7,城市5,站点57,岗位1,正式,已申购,已支付
546,员工538,事业部6,城市9,站点14,岗位2,正式,未申购,
547,员工539,事业部8,城市10,站点55,岗位2,正式,未申购,
548,员工540,事业部5,城市2,站点6,岗位2,正式,未申购,待支付
549,员工541,事业部13,城市15,站点49,岗位2,正式,已申购,已支付
550,员工542,事业部14,城市2,站点34,岗位2,正式,已申购,已支付
551,员工543,事业部7,城市5,站点15,岗位2,正式,已申购,已支付
552,员工544,事业部8,城市10,站点55,岗位2,正式,未申购,
553,员工545,事业部9,城市7,站点37,岗位2,正式,未申购,
554,员工546,事业部6,城市4,站点7,岗位2,正式,未申购,
555,员工547,事业部14,城市2,站点34,岗位2,正式,已申购,已支付
556,员工548,事业部8,城市10,站点55,岗位2,正式,已申购,已支付
557,员工549,事业部5,城市2,站点6,岗位2,正式,已申购,已支付
558,员工550,事业部7,城市5,站点9,岗位2,正式,已申购,已支付
559,员工551,事业部6,城市9,站点14,岗位2,正式,未申购,
560,员工552,事业部3,城市2,站点4,岗位2,正式,未申购,
561,员工553,事业部14,城市2,站点34,岗位2,正式,未申购,
562,员工554,事业部5,城市2,站点6,岗位2,正式,已申购,已支付
563,员工555,事业部10,城市8,站点26,岗位2,正式,已申购,已支付
564,员工556,事业部3,城市2,站点4,岗位2,正式,未申购,
565,员工557,事业部8,城市14,站点32,岗位2,正式,已申购,已支付
566,员工558,事业部8,城市14,站点22,岗位2,正式,已申购,已支付
567,员工559,事业部9,城市7,站点37,岗位2,正式,已申购,已支付
568,员工560,事业部6,城市9,站点14,岗位2,正式,未申购,
569,员工561,事业部11,城市16,站点36,岗位2,正式,未申购,
570,员工562,事业部4,城市3,站点5,岗位2,正式,已申购,已支付
571,员工563,事业部3,城市2,站点4,岗位2,正式,已申购,已支付
572,员工564,事业部14,城市2,站点34,岗位2,正式,已申购,已支付
573,员工565,事业部10,城市8,站点18,岗位2,正式,已申购,已支付
574,员工566,事业部10,城市8,站点42,岗位3,正式,未申购,
575,员工567,事业部6,城市9,站点14,岗位2,正式,已申购,已支付
576,员工568,事业部2,城市3,站点39,岗位2,正式,已申购,已支付
577,员工569,事业部2,城市7,站点12,岗位2,正式,已申购,已支付
578,员工570,事业部13,城市20,站点58,岗位2,正式,未申购,
579,员工571,事业部2,城市3,站点8,岗位2,正式,已申购,已支付
580,员工572,事业部4,城市6,站点54,岗位4,正式,已申购,已支付
581,员工573,事业部2,城市7,站点12,岗位2,正式,已申购,已支付
582,员工574,事业部4,城市3,站点30,岗位2,正式,已申购,已支付
583,员工575,事业部2,城市2,站点3,岗位2,正式,已申购,已支付
584,员工576,事业部11,城市16,站点36,岗位2,正式,未申购,
585,员工577,事业部5,城市2,站点33,岗位2,正式,未申购,
586,员工578,事业部13,城市15,站点23,岗位6,正式,已申购,已支付
587,员工579,事业部4,城市6,站点11,岗位2,正式,已申购,已支付
588,员工580,事业部8,城市14,站点22,岗位3,正式,未申购,
589,员工581,事业部2,城市2,站点3,岗位2,正式,已申购,已支付
590,员工582,事业部3,城市2,站点4,岗位2,正式,已申购,已支付
591,员工583,事业部5,城市2,站点47,岗位2,正式,已申购,已支付
592,员工584,事业部5,城市2,站点6,岗位2,正式,已申购,已支付
593,员工585,事业部7,城市5,站点9,岗位2,正式,已申购,已支付
594,员工586,事业部14,城市2,站点34,岗位2,正式,已申购,已支付
595,员工587,事业部6,城市9,站点14,岗位2,正式,未申购,
596,员工588,事业部13,城市15,站点49,岗位2,正式,未申购,
597,员工589,事业部2,城市1,站点2,岗位2,正式,已申购,已支付
598,员工590,事业部9,城市7,站点37,岗位2,正式,已申购,已支付
599,员工591,事业部7,城市5,站点9,岗位2,正式,已申购,已支付
600,员工592,事业部7,城市5,站点9,岗位2,正式,已申购,已支付
601,员工593,事业部5,城市2,站点59,岗位2,正式,未申购,
602,员工594,事业部5,城市2,站点6,岗位2,正式,已申购,已支付
603,员工595,事业部8,城市14,站点22,岗位2,正式,未申购,
604,员工596,事业部8,城市14,站点22,岗位2,正式,未申购,
605,员工597,事业部8,城市14,站点22,岗位2,正式,未申购,
606,员工598,事业部14,城市2,站点34,岗位2,正式,已申购,已支付
607,员工599,事业部2,城市8,站点13,岗位2,正式,已申购,已支付
608,员工600,事业部4,城市6,站点11,岗位2,正式,已申购,已支付
609,员工601,事业部8,城市10,站点55,岗位2,正式,已申购,已支付
610,员工602,事业部8,城市18,站点45,岗位2,正式,未申购,
611,员工603,事业部3,城市2,站点4,岗位2,正式,未申购,
612,员工604,事业部11,城市16,站点36,岗位2,正式,未申购,
613,员工605,事业部9,城市7,站点37,岗位2,正式,已申购,已支付
614,员工606,事业部14,城市2,站点34,岗位2,正式,已申购,已支付
615,员工607,事业部13,城市20,站点58,岗位2,正式,未申购,
616,员工608,事业部1,城市1,站点1,岗位2,正式,已申购,已支付
617,员工609,事业部13,城市20,站点58,岗位2,正式,未申购,
618,员工610,事业部14,城市2,站点41,岗位2,正式,已申购,已支付
619,员工611,事业部14,城市2,站点34,岗位2,正式,已申购,已支付
620,员工612,事业部3,城市2,站点4,岗位2,正式,未申购,
621,员工613,事业部8,城市10,站点55,岗位2,正式,未申购,
622,员工614,事业部9,城市7,站点37,岗位3,正式,已申购,已支付
623,员工615,事业部7,城市5,站点9,岗位2,正式,已申购,已支付
624,员工616,事业部9,城市11,站点17,岗位2,正式,已申购,已支付
625,员工617,事业部12,城市13,站点21,岗位2,正式,已申购,已支付
626,员工618,事业部8,城市10,站点55,岗位2,正式,未申购,
627,员工619,事业部5,城市2,站点6,岗位2,正式,已申购,已支付
628,员工620,事业部9,城市7,站点37,岗位2,正式,未申购,
629,员工621,事业部11,城市16,站点36,岗位2,正式,未申购,
630,员工622,事业部10,城市17,站点43,岗位2,正式,未申购,
631,员工623,事业部9,城市11,站点17,岗位2,正式,未申购,
632,员工624,事业部5,城市2,站点6,岗位2,正式,已申购,已支付
633,员工625,事业部4,城市6,站点11,岗位2,正式,已申购,已支付
634,员工626,事业部13,城市20,站点58,岗位2,正式,未申购,
635,员工627,事业部14,城市2,站点34,岗位2,正式,已申购,已支付
636,员工628,事业部11,城市16,站点60,岗位2,正式,已申购,已支付
637,员工629,事业部11,城市16,站点36,岗位2,正式,未申购,
638,员工630,事业部6,城市9,站点14,岗位2,正式,未申购,
639,员工631,事业部10,城市17,站点43,岗位2,正式,未申购,
640,员工632,事业部9,城市7,站点37,岗位2,正式,已申购,已支付
641,员工633,事业部9,城市7,站点29,岗位2,正式,已申购,已支付
642,员工634,事业部9,城市11,站点17,岗位2,正式,未申购,
643,员工19,事业部7,城市5,站点9,岗位2,正式,已申购,已支付
644,员工635,事业部4,城市6,站点11,岗位2,正式,未申购,
645,员工636,事业部11,城市16,站点36,岗位2,正式,未申购,
646,员工637,事业部14,城市2,站点34,岗位2,正式,已申购,已支付
647,员工638,事业部4,城市3,站点5,岗位2,正式,未申购,
648,员工639,事业部4,城市3,站点5,岗位1,正式,已申购,已支付
649,员工640,事业部13,城市20,站点58,岗位2,正式,未申购,
650,员工641,事业部13,城市20,站点58,岗位2,正式,未申购,
651,员工642,事业部11,城市16,站点36,岗位2,正式,未申购,
652,员工643,事业部8,城市18,站点45,岗位2,正式,已申购,已支付
653,员工644,事业部11,城市16,站点60,岗位4,正式,已申购,已支付
654,员工645,事业部5,城市2,站点6,岗位2,正式,已申购,已支付
655,员工646,事业部3,城市2,站点4,岗位2,正式,未申购,
656,员工647,事业部9,城市11,站点17,岗位2,正式,已申购,已支付
657,员工648,事业部8,城市18,站点45,岗位2,正式,已申购,已支付
658,员工649,事业部10,城市8,站点42,岗位2,正式,已申购,已支付
659,员工650,事业部1,城市1,站点1,岗位2,正式,已申购,已支付
660,员工651,事业部11,城市16,站点36,岗位2,正式,未申购,
661,员工652,事业部14,城市2,站点41,岗位2,正式,已申购,已支付
662,员工653,事业部4,城市6,站点54,岗位2,正式,已申购,已支付
663,员工654,事业部4,城市3,站点31,岗位2,正式,已申购,已支付
664,员工655,事业部7,城市5,站点9,岗位2,正式,已申购,已支付
665,员工656,事业部6,城市9,站点14,岗位2,正式,已申购,已支付
666,员工657,事业部10,城市17,站点43,岗位2,正式,未申购,
667,员工658,事业部1,城市1,站点1,岗位2,正式,已申购,已支付
668,员工659,事业部6,城市9,站点14,岗位2,正式,未申购,
669,员工660,事业部1,城市1,站点27,岗位1,正式,已申购,已支付
670,员工661,事业部8,城市10,站点19,岗位2,正式,已申购,已支付
671,员工662,事业部11,城市16,站点36,岗位2,正式,未申购,
672,员工663,事业部6,城市9,站点14,岗位2,正式,未申购,
673,员工664,事业部11,城市12,站点20,岗位2,正式,未申购,
674,员工665,事业部11,城市12,站点20,岗位2,正式,未申购,
675,员工666,事业部3,城市2,站点4,岗位2,正式,已申购,已支付
676,员工667,事业部3,城市2,站点4,岗位2,正式,已申购,已支付
677,员工668,事业部13,城市20,站点58,岗位2,正式,已申购,已支付
678,员工669,事业部6,城市4,站点61,岗位5,正式,已申购,已支付
679,员工670,事业部6,城市4,站点7,岗位2,正式,已申购,已支付
680,员工671,事业部11,城市12,站点20,岗位2,正式,已申购,已支付
681,员工672,事业部9,城市11,站点17,岗位2,正式,已申购,已支付
682,员工673,事业部3,城市2,站点4,岗位2,正式,已申购,已支付
683,员工674,事业部11,城市12,站点20,岗位2,正式,已申购,已支付
684,员工675,事业部2,城市2,站点3,岗位2,正式,已申购,已支付
685,员工676,事业部2,城市2,站点3,岗位2,正式,已申购,已支付
686,员工677,事业部10,城市17,站点43,岗位2,正式,未申购,
687,员工678,事业部3,城市2,站点4,岗位2,正式,已申购,已支付
688,员工679,事业部7,城市5,站点9,岗位2,正式,未申购,
689,员工680,事业部14,城市2,站点34,岗位2,正式,已申购,已支付
690,员工681,事业部6,城市9,站点14,岗位2,正式,未申购,
691,员工682,事业部4,城市3,站点30,岗位2,正式,已申购,已支付
692,员工683,事业部7,城市5,站点9,岗位2,正式,已申购,已支付
693,员工684,事业部8,城市10,站点55,岗位2,正式,已申购,已支付
694,员工685,事业部3,城市2,站点4,岗位2,正式,已申购,已支付
695,员工686,事业部12,城市13,站点56,岗位2,正式,已申购,已支付
696,员工687,事业部4,城市3,站点30,岗位2,正式,已申购,已支付
697,员工688,事业部6,城市9,站点14,岗位2,正式,未申购,
698,员工689,事业部9,城市7,站点44,岗位2,正式,已申购,已支付
699,员工690,事业部11,城市16,站点36,岗位5,正式,已申购,已支付
700,员工691,事业部8,城市18,站点45,岗位2,正式,未申购,
701,员工692,事业部10,城市8,站点26,岗位2,正式,未申购,
702,员工693,事业部8,城市10,站点55,岗位2,正式,已申购,已支付
703,员工694,事业部9,城市11,站点51,岗位2,正式,已申购,已支付
704,员工695,事业部11,城市12,站点20,岗位2,正式,已申购,已支付
705,员工696,事业部4,城市3,站点30,岗位4,正式,已申购,已支付
706,员工697,事业部1,城市1,站点1,岗位2,正式,已申购,已支付
707,员工698,事业部8,城市10,站点55,岗位2,正式,未申购,
708,员工699,事业部6,城市4,站点7,岗位2,正式,未申购,
709,员工700,事业部6,城市9,站点14,岗位2,正式,未申购,
710,员工701,事业部11,城市12,站点20,岗位2,正式,未申购,
711,员工702,事业部11,城市12,站点20,岗位2,正式,未申购,
712,员工703,事业部8,城市10,站点55,岗位2,正式,未申购,
713,员工704,事业部10,城市8,站点42,岗位2,正式,已申购,已支付
714,员工705,事业部10,城市8,站点42,岗位2,正式,未申购,
715,员工706,事业部1,城市1,站点27,岗位4,正式,已申购,已支付
716,员工54,事业部6,城市9,站点38,岗位2,正式,已申购,已支付
717,员工707,事业部2,城市3,站点39,岗位2,正式,已申购,已支付
718,员工708,事业部3,城市2,站点4,岗位2,正式,未申购,
719,员工709,事业部9,城市7,站点37,岗位2,正式,已申购,已支付
720,员工710,事业部14,城市2,站点34,岗位2,正式,已申购,已支付
721,员工711,事业部3,城市2,站点4,岗位2,正式,未申购,
722,员工712,事业部8,城市18,站点45,岗位2,正式,未申购,
723,员工713,事业部8,城市10,站点16,岗位2,正式,未申购,
724,员工714,事业部11,城市12,站点20,岗位2,正式,未申购,
725,员工715,事业部12,城市13,站点56,岗位2,正式,已申购,已支付
726,员工716,事业部3,城市2,站点4,岗位2,正式,已申购,已支付
727,员工717,事业部6,城市4,站点7,岗位2,正式,已申购,已支付
728,员工718,事业部10,城市8,站点42,岗位2,正式,已申购,已支付
729,员工719,事业部9,城市11,站点51,岗位2,正式,已申购,已支付
730,员工720,事业部11,城市16,站点36,岗位2,正式,未申购,
731,员工721,事业部6,城市9,站点14,岗位2,正式,未申购,
732,员工722,事业部9,城市11,站点17,岗位2,正式,已申购,已支付
733,员工723,事业部8,城市10,站点16,岗位2,正式,未申购,
734,员工724,事业部5,城市2,站点47,岗位2,正式,已申购,已支付
735,员工725,事业部5,城市2,站点6,岗位2,正式,已申购,已支付
736,员工726,事业部10,城市8,站点42,岗位2,正式,已申购,已支付
737,员工727,事业部9,城市7,站点29,岗位2,正式,已申购,已支付
738,员工728,事业部9,城市11,站点17,岗位2,正式,已申购,已支付
739,员工729,事业部9,城市7,站点44,岗位2,正式,已申购,已支付
740,员工730,事业部4,城市3,站点30,岗位4,正式,已申购,已支付
741,员工731,事业部11,城市16,站点60,岗位3,正式,已申购,已支付
742,员工732,事业部6,城市9,站点14,岗位2,正式,未申购,
743,员工733,事业部6,城市9,站点38,岗位2,正式,已申购,已支付
744,员工734,事业部11,城市16,站点36,岗位2,正式,已申购,已支付
745,员工735,事业部9,城市7,站点44,岗位4,正式,已申购,已支付
746,员工736,事业部9,城市7,站点29,岗位2,正式,已申购,已支付
747,员工737,事业部10,城市8,站点26,岗位2,正式,已申购,已支付
748,员工738,事业部9,城市11,站点17,岗位2,正式,已申购,已支付
749,员工739,事业部14,城市2,站点34,岗位2,正式,已申购,已支付
750,员工740,事业部7,城市5,站点9,岗位2,正式,未申购,
751,员工741,事业部14,城市2,站点50,岗位2,正式,已申购,已支付
752,员工742,事业部9,城市11,站点51,岗位2,正式,已申购,已支付
753,员工743,事业部14,城市2,站点50,岗位2,正式,已申购,已支付
754,员工744,事业部11,城市16,站点36,岗位2,正式,未申购,
755,员工745,事业部13,城市20,站点58,岗位2,正式,未申购,
756,员工746,事业部4,城市3,站点30,岗位6,正式,已申购,已支付
757,员工747,事业部9,城市7,站点37,岗位2,正式,未申购,
758,员工748,事业部6,城市4,站点7,岗位2,正式,未申购,
759,员工749,事业部6,城市4,站点61,岗位2,正式,已申购,已支付
760,员工750,事业部11,城市16,站点60,岗位2,正式,已申购,已支付
761,员工751,事业部14,城市2,站点34,岗位2,正式,已申购,已支付
762,员工752,事业部11,城市12,站点20,岗位2,正式,未申购,
763,员工753,事业部1,城市1,站点40,岗位2,正式,已申购,已支付
764,员工754,事业部9,城市7,站点37,岗位2,正式,未申购,
765,员工755,事业部9,城市7,站点37,岗位2,正式,未申购,
766,员工756,事业部9,城市7,站点37,岗位2,正式,已申购,已支付
767,员工757,事业部4,城市3,站点31,岗位2,正式,未申购,
768,员工758,事业部7,城市5,站点9,岗位2,正式,已申购,已支付
769,员工759,事业部2,城市15,站点25,岗位2,正式,已申购,已支付
770,员工760,事业部14,城市2,站点50,岗位2,正式,已申购,已支付
771,员工761,事业部9,城市11,站点17,岗位2,正式,已申购,已支付
772,员工762,事业部2,城市3,站点39,岗位2,正式,已申购,已支付
773,员工763,事业部4,城市3,站点30,岗位2,正式,已申购,已支付
774,员工764,事业部9,城市11,站点51,岗位2,正式,已申购,已支付
775,员工765,事业部2,城市2,站点3,岗位2,正式,已申购,已支付
776,员工766,事业部14,城市2,站点34,岗位2,正式,已申购,已支付
777,员工767,事业部9,城市11,站点51,岗位2,正式,已申购,已支付
778,员工768,事业部9,城市7,站点37,岗位2,正式,已申购,已支付
779,员工769,事业部9,城市11,站点17,岗位2,正式,未申购,
780,员工770,事业部2,城市3,站点39,岗位2,正式,未申购,
781,员工771,事业部9,城市11,站点51,岗位2,正式,已申购,已支付
782,员工772,事业部14,城市2,站点41,岗位2,正式,已申购,已支付
783,员工773,事业部4,城市3,站点30,岗位2,正式,已申购,已支付
784,员工653,事业部9,城市7,站点37,岗位2,正式,已申购,已支付
785,员工774,事业部9,城市11,站点17,岗位2,正式,已申购,已支付
786,员工775,事业部6,城市9,站点38,岗位5,正式,已申购,已支付
787,员工776,事业部9,城市7,站点44,岗位2,正式,已申购,已支付
788,员工777,事业部4,城市6,站点11,岗位2,正式,未申购,
789,员工778,事业部1,城市1,站点27,岗位2,正式,已申购,已支付
790,员工779,事业部4,城市3,站点30,岗位2,正式,已申购,已支付
791,员工780,事业部6,城市9,站点14,岗位2,正式,未申购,
792,员工781,事业部6,城市9,站点38,岗位2,正式,已申购,已支付
793,员工782,事业部13,城市15,站点23,岗位2,正式,已申购,已支付
794,员工783,事业部13,城市15,站点23,岗位2,正式,已申购,已支付
795,员工784,事业部2,城市2,站点3,岗位2,正式,已申购,已支付
796,员工785,事业部9,城市7,站点44,岗位2,正式,已申购,已支付
797,员工786,事业部10,城市8,站点42,岗位2,正式,已申购,已支付
798,员工787,事业部4,城市6,站点11,岗位2,正式,已申购,已支付
799,员工788,事业部10,城市8,站点48,岗位2,正式,已申购,已支付
800,员工789,事业部7,城市5,站点9,岗位2,正式,已申购,已支付
801,员工790,事业部1,城市1,站点27,岗位4,正式,已申购,已支付
802,员工791,事业部10,城市8,站点26,岗位2,正式,已申购,已支付
803,员工792,事业部9,城市7,站点37,岗位2,正式,已申购,已支付
804,员工793,事业部11,城市16,站点60,岗位2,正式,已申购,已支付
805,员工794,事业部10,城市8,站点42,岗位2,正式,已申购,已支付
806,员工795,事业部7,城市5,站点15,岗位2,正式,已申购,已支付
807,员工796,事业部2,城市3,站点39,岗位2,正式,已申购,已支付
808,员工797,事业部4,城市6,站点11,岗位2,正式,已申购,已支付
809,员工798,事业部1,城市1,站点27,岗位2,正式,已申购,已支付
810,员工799,事业部4,城市3,站点5,岗位2,正式,已申购,已支付
811,员工800,事业部5,城市2,站点47,岗位2,正式,已申购,已支付
812,员工801,事业部9,城市7,站点44,岗位2,正式,已申购,已支付
813,员工802,事业部12,城市13,站点21,岗位2,正式,未申购,
814,员工803,事业部9,城市7,站点44,岗位2,正式,已申购,已支付
815,员工804,事业部8,城市10,站点19,岗位2,正式,已申购,已支付
816,员工805,事业部9,城市7,站点44,岗位2,正式,已申购,已支付
817,员工806,事业部4,城市3,站点30,岗位2,正式,已申购,已支付
818,员工807,事业部10,城市8,站点42,岗位2,正式,已申购,已支付
819,员工808,事业部10,城市8,站点26,岗位2,正式,已申购,已支付
820,员工809,事业部11,城市16,站点60,岗位2,正式,已申购,已支付
821,员工810,事业部12,城市13,站点21,岗位2,正式,已申购,已支付
822,员工811,事业部9,城市7,站点44,岗位2,正式,已申购,已支付
823,员工53,事业部3,城市2,站点28,岗位2,正式,已申购,已支付
824,员工812,事业部10,城市8,站点18,岗位2,正式,已申购,已支付
825,员工813,事业部8,城市10,站点19,岗位2,正式,已申购,已支付
826,员工814,事业部8,城市10,站点19,岗位2,正式,已申购,已支付
827,员工815,事业部6,城市9,站点38,岗位2,正式,已申购,已支付
828,员工816,事业部4,城市3,站点5,岗位2,正式,未申购,
829,员工817,事业部11,城市16,站点60,岗位2,正式,已申购,已支付
830,员工818,事业部11,城市16,站点36,岗位2,正式,已申购,已支付
831,员工819,事业部8,城市14,站点32,岗位2,正式,已申购,已支付
832,员工820,事业部13,城市15,站点35,岗位2,正式,已申购,已支付
833,员工821,事业部9,城市7,站点44,岗位2,正式,已申购,已支付
834,员工822,事业部3,城市2,站点28,岗位2,正式,已申购,已支付
835,员工823,事业部4,城市3,站点30,岗位2,正式,已申购,已支付
836,员工824,事业部13,城市15,站点35,岗位2,正式,已申购,已支付
837,员工825,事业部11,城市16,站点60,岗位2,正式,已申购,已支付
838,员工826,事业部6,城市4,站点61,岗位2,正式,已申购,已支付
839,员工827,事业部9,城市7,站点37,岗位2,正式,未申购,
840,员工828,事业部5,城市2,站点47,岗位2,正式,已申购,已支付
841,员工829,事业部9,城市7,站点37,岗位2,正式,已申购,已支付
842,员工830,事业部3,城市2,站点28,岗位2,正式,已申购,已支付
843,员工831,事业部9,城市7,站点44,岗位2,正式,已申购,已支付
844,员工832,事业部11,城市16,站点60,岗位2,正式,已申购,已支付
845,员工833,事业部11,城市12,站点62,岗位2,正式,已申购,已支付
846,员工834,事业部11,城市16,站点60,岗位2,正式,已申购,已支付
847,员工835,事业部11,城市16,站点60,岗位2,正式,已申购,已支付
848,员工836,事业部13,城市15,站点35,岗位2,正式,已申购,已支付
849,员工837,事业部7,城市5,站点15,岗位2,正式,已申购,已支付
850,员工838,事业部7,城市5,站点15,岗位2,正式,已申购,已支付
851,员工839,事业部11,城市12,站点62,岗位2,正式,已申购,已支付
852,员工840,事业部4,城市6,站点54,岗位2,正式,已申购,已支付
853,员工841,事业部3,城市2,站点28,岗位2,正式,已申购,已支付
854,员工842,事业部4,城市3,站点30,岗位2,正式,已申购,已支付
855,员工843,事业部11,城市16,站点60,岗位2,正式,已申购,已支付
856,员工844,事业部9,城市7,站点44,岗位2,正式,已申购,已支付
857,员工845,事业部9,城市7,站点44,岗位2,正式,已申购,已支付
858,员工846,事业部8,城市18,站点45,岗位2,正式,已申购,已支付
859,员工847,事业部6,城市9,站点38,岗位2,正式,未申购,
860,员工848,事业部11,城市16,站点60,岗位2,正式,已申购,已支付
861,员工849,事业部11,城市16,站点60,岗位2,正式,已申购,已支付
862,员工850,事业部2,城市2,站点3,岗位2,正式,已申购,已支付
863,员工851,事业部6,城市9,站点38,岗位2,正式,已申购,已支付
864,员工852,事业部8,城市10,站点19,岗位2,正式,已申购,已支付
865,员工853,事业部3,城市2,站点28,岗位2,正式,已申购,已支付
866,员工854,事业部10,城市8,站点48,岗位2,正式,已申购,已支付
867,员工855,事业部1,城市1,站点27,岗位2,正式,已申购,已支付
868,员工856,事业部10,城市8,站点18,岗位2,正式,已申购,已支付
869,员工857,事业部6,城市4,站点61,岗位2,正式,已申购,已支付
870,员工858,事业部6,城市4,站点61,岗位2,正式,已申购,已支付
871,员工859,事业部14,城市2,站点41,岗位2,正式,已申购,已支付
872,员工860,事业部6,城市4,站点61,岗位2,正式,未申购,
873,员工861,事业部14,城市2,站点41,岗位2,正式,已申购,已支付
874,员工862,事业部6,城市9,站点38,岗位2,正式,已申购,已支付
875,员工863,事业部4,城市3,站点30,岗位2,正式,已申购,已支付
876,员工864,事业部3,城市2,站点28,岗位2,正式,未申购,
877,员工865,事业部10,城市8,站点18,岗位2,正式,已申购,已支付
878,员工866,事业部10,城市8,站点18,岗位2,正式,已申购,已支付
879,员工867,事业部14,城市2,站点41,岗位2,正式,未申购,
880,员工868,事业部4,城市3,站点5,岗位2,正式,已申购,已支付
881,员工869,事业部6,城市4,站点61,岗位2,正式,未申购,
882,员工870,事业部3,城市2,站点28,岗位2,正式,未申购,
883,员工871,事业部8,城市10,站点19,岗位2,正式,已申购,已支付
884,员工872,事业部9,城市7,站点37,岗位2,正式,已申购,已支付
885,员工873,事业部2,城市3,站点39,岗位2,正式,已申购,已支付
886,员工874,事业部14,城市2,站点41,岗位2,正式,已申购,已支付
887,员工875,事业部9,城市7,站点44,岗位2,正式,已申购,已支付
888,员工876,事业部9,城市7,站点44,岗位2,正式,已申购,已支付
889,员工877,事业部9,城市7,站点37,岗位2,正式,已申购,已支付
890,员工878,事业部7,城市5,站点9,岗位2,正式,已申购,已支付
891,员工879,事业部7,城市5,站点15,岗位2,正式,已申购,已支付
892,员工880,事业部7,城市5,站点9,岗位2,正式,已申购,已支付
893,员工171,事业部9,城市7,站点44,岗位2,正式,已申购,已支付
894,员工881,事业部4,城市3,站点30,岗位2,正式,已申购,已支付
895,员工411,事业部14,城市2,站点41,岗位2,正式,已申购,已支付
896,员工882,事业部13,城市15,站点35,岗位2,正式,已申购,已支付
897,员工883,事业部11,城市16,站点60,岗位2,正式,已申购,已支付
898,员工884,事业部11,城市16,站点60,岗位2,正式,已申购,已支付
899,员工885,事业部11,城市16,站点60,岗位2,正式,已申购,已支付
900,员工886,事业部8,城市10,站点19,岗位2,正式,已申购,已支付
901,员工887,事业部8,城市10,站点19,岗位2,正式,已申购,已支付
902,员工888,事业部8,城市10,站点19,岗位2,正式,已申购,已支付
903,员工889,事业部8,城市10,站点19,岗位2,正式,已申购,已支付
904,员工890,事业部3,城市2,站点28,岗位2,正式,已申购,已支付
905,员工891,事业部6,城市9,站点38,岗位2,正式,已申购,已支付
906,员工892,事业部14,城市2,站点41,岗位2,正式,已申购,已支付
907,员工893,事业部10,城市8,站点18,岗位2,正式,已申购,已支付
908,员工894,事业部6,城市9,站点38,岗位2,正式,已申购,已支付
909,员工895,事业部9,城市7,站点44,岗位2,正式,已申购,已支付
910,员工896,事业部11,城市12,站点62,岗位2,正式,已申购,已支付
911,员工897,事业部14,城市2,站点41,岗位2,正式,已申购,已支付
912,员工898,事业部7,城市5,站点15,岗位2,正式,已申购,已支付
913,员工899,事业部9,城市7,站点37,岗位2,正式,已申购,已支付
914,员工900,事业部14,城市2,站点41,岗位2,正式,已申购,已支付
915,员工901,事业部1,城市1,站点27,岗位2,正式,已申购,已支付
916,员工902,事业部11,城市12,站点20,岗位2,正式,已申购,已支付
917,员工903,事业部1,城市1,站点27,岗位2,正式,已申购,已支付
918,员工904,事业部5,城市2,站点47,岗位2,正式,已申购,已支付
919,员工905,事业部4,城市3,站点31,岗位2,正式,已申购,已支付
920,员工906,事业部5,城市2,站点47,岗位2,正式,已申购,已支付
921,员工907,事业部11,城市16,站点60,岗位2,正式,已申购,已支付
922,员工908,事业部11,城市16,站点60,岗位2,正式,已申购,已支付
923,员工909,事业部6,城市9,站点38,岗位2,正式,已申购,已支付
924,员工910,事业部1,城市1,站点27,岗位2,正式,已申购,已支付
925,员工911,事业部8,城市10,站点19,岗位2,正式,已申购,已支付
926,员工912,事业部13,城市15,站点35,岗位2,正式,已申购,已支付
927,员工913,事业部13,城市15,站点35,岗位2,正式,已申购,已支付
928,员工914,事业部13,城市15,站点35,岗位2,正式,已申购,已支付
929,员工915,事业部7,城市5,站点15,岗位2,正式,已申购,已支付
930,员工916,事业部4,城市3,站点30,岗位2,正式,已申购,已支付
931,员工917,事业部9,城市11,站点17,岗位2,正式,已申购,已支付
932,员工918,事业部9,城市11,站点17,岗位2,正式,已申购,已支付
933,员工919,事业部6,城市4,站点61,岗位2,正式,已申购,已支付
934,员工920,事业部12,城市13,站点56,岗位2,正式,已申购,已支付
935,员工921,事业部6,城市4,站点61,岗位2,正式,已申购,已支付
936,员工922,事业部11,城市12,站点62,岗位2,正式,已申购,已支付
937,员工923,事业部7,城市5,站点9,岗位2,正式,已申购,已支付
938,员工924,事业部11,城市12,站点62,岗位2,正式,已申购,已支付
939,员工925,事业部10,城市8,站点42,岗位2,正式,未申购,
940,员工926,事业部10,城市8,站点48,岗位2,正式,已申购,已支付
941,员工927,事业部14,城市2,站点46,岗位2,正式,已申购,已支付
942,员工928,事业部14,城市2,站点41,岗位2,正式,已申购,已支付
943,员工929,事业部2,城市8,站点13,岗位2,正式,已申购,已支付
944,员工930,事业部4,城市3,站点30,岗位2,正式,已申购,已支付
945,员工931,事业部4,城市3,站点5,岗位2,正式,已申购,已支付
946,员工932,事业部4,城市3,站点31,岗位2,正式,已申购,已支付
947,员工933,事业部6,城市4,站点61,岗位2,正式,已申购,已支付
948,员工934,事业部4,城市3,站点30,岗位2,正式,已申购,已支付
949,员工935,事业部5,城市2,站点47,岗位2,正式,已申购,已支付
950,员工936,事业部5,城市2,站点47,岗位2,正式,已申购,已支付
951,员工937,事业部1,城市1,站点40,岗位2,正式,已申购,已支付
952,员工938,事业部10,城市8,站点18,岗位2,正式,已申购,已支付
953,员工939,事业部6,城市9,站点38,岗位2,正式,已申购,已支付
954,员工940,事业部3,城市2,站点28,岗位2,正式,已申购,已支付
955,员工941,事业部6,城市9,站点38,岗位2,正式,未申购,
956,员工942,事业部10,城市8,站点18,岗位2,正式,已申购,已支付
957,员工943,事业部6,城市9,站点38,岗位2,正式,已申购,已支付
958,员工944,事业部1,城市1,站点27,岗位2,正式,已申购,已支付
959,员工945,事业部7,城市5,站点15,岗位2,正式,已申购,已支付
960,员工946,事业部13,城市15,站点35,岗位2,正式,已申购,已支付
961,员工947,事业部10,城市8,站点48,岗位2,正式,已申购,已支付
962,员工948,事业部6,城市9,站点38,岗位2,正式,已申购,已支付
963,员工949,事业部11,城市12,站点62,岗位2,正式,已申购,已支付
964,员工950,事业部14,城市2,站点46,岗位2,正式,已申购,已支付
965,员工951,事业部10,城市17,站点63,岗位2,正式,已申购,已支付
966,员工952,事业部7,城市5,站点9,岗位2,正式,已申购,已支付
967,员工953,事业部10,城市17,站点63,岗位2,正式,已申购,已支付
968,员工954,事业部10,城市17,站点63,岗位2,正式,已申购,已支付
969,员工955,事业部1,城市1,站点27,岗位2,正式,已申购,已支付
970,员工956,事业部4,城市3,站点31,岗位2,正式,已申购,已支付
971,员工957,事业部1,城市1,站点40,岗位2,正式,已申购,已支付
972,员工958,事业部6,城市9,站点38,岗位2,正式,已申购,已支付
973,员工959,事业部14,城市2,站点41,岗位2,正式,已申购,已支付
974,员工960,事业部2,城市1,站点2,岗位2,正式,已申购,已支付
975,员工961,事业部14,城市2,站点41,岗位2,正式,已申购,已支付
976,员工962,事业部14,城市2,站点46,岗位2,正式,已申购,已支付
977,员工963,事业部14,城市2,站点46,岗位2,正式,已申购,已支付
978,员工964,事业部5,城市2,站点47,岗位2,正式,已申购,已支付
979,员工965,事业部10,城市8,站点42,岗位2,正式,已申购,已支付
980,员工966,事业部8,城市18,站点45,岗位2,正式,已申购,已支付
981,员工967,事业部4,城市3,站点5,岗位2,正式,已申购,已支付
982,员工968,事业部4,城市3,站点5,岗位2,正式,已申购,已支付
983,员工969,事业部4,城市3,站点31,岗位2,正式,已申购,已支付
984,员工970,事业部1,城市1,站点40,岗位2,正式,已申购,已支付
985,员工971,事业部13,城市15,站点35,岗位2,正式,已申购,已支付
986,员工972,事业部3,城市2,站点28,岗位2,正式,已申购,已支付
987,员工973,事业部4,城市3,站点30,岗位2,正式,已申购,已支付
988,员工974,事业部6,城市9,站点38,岗位2,正式,已申购,已支付
989,员工975,事业部2,城市1,站点2,岗位2,正式,已申购,已支付
990,员工976,事业部4,城市3,站点30,岗位2,正式,已申购,已支付
991,员工977,事业部4,城市3,站点30,岗位2,正式,已申购,已支付
992,员工978,事业部14,城市2,站点41,岗位2,正式,已申购,已支付
993,员工979,事业部8,城市10,站点19,岗位2,正式,已申购,已支付
994,员工980,事业部10,城市8,站点48,岗位2,正式,已申购,已支付
995,员工981,事业部10,城市8,站点48,岗位2,正式,已申购,已支付
996,员工982,事业部4,城市3,站点30,岗位2,正式,已申购,已支付
997,员工983,事业部2,城市7,站点12,岗位2,正式,已申购,已支付
998,员工984,事业部2,城市7,站点12,岗位2,正式,已申购,已支付
999,员工985,事业部3,城市2,站点28,岗位2,正式,已申购,已支付
1000,员工986,事业部3,城市2,站点28,岗位2,正式,已申购,已支付
1001,员工987,事业部11,城市16,站点60,岗位2,正式,已申购,已支付
1002,员工988,事业部10,城市8,站点48,岗位2,正式,已申购,已支付
1003,员工989,事业部10,城市17,站点63,岗位2,正式,已申购,已支付
1004,员工990,事业部6,城市4,站点61,岗位2,正式,已申购,已支付
1005,员工991,事业部11,城市12,站点62,岗位2,正式,已申购,已支付
1006,员工992,事业部4,城市3,站点30,岗位2,正式,已申购,已支付
1007,员工993,事业部14,城市2,站点46,岗位2,正式,已申购,已支付
1008,员工994,事业部1,城市1,站点27,岗位2,正式,已申购,已支付
1009,员工995,事业部3,城市2,站点28,岗位2,正式,已申购,已支付
1010,员工996,事业部11,城市16,站点60,岗位2,正式,已申购,已支付
1011,员工997,事业部6,城市4,站点61,岗位2,正式,已申购,已支付
1012,员工998,事业部6,城市9,站点38,岗位2,正式,已申购,已支付
1013,员工999,事业部10,城市8,站点42,岗位2,正式,已申购,已支付
1014,员工1000,事业部10,城市8,站点26,岗位2,正式,已申购,已支付
1015,员工1001,事业部8,城市10,站点19,岗位2,正式,已申购,已支付
1016,员工1002,事业部14,城市2,站点41,岗位2,正式,已申购,已支付
1017,员工1003,事业部1,城市1,站点27,岗位2,正式,已申购,已支付
1018,员工1004,事业部6,城市4,站点61,岗位2,正式,已申购,已支付
1019,员工1005,事业部1,城市1,站点27,岗位2,正式,已申购,已支付
1020,员工1006,事业部14,城市2,站点41,岗位2,正式,已申购,已支付
1021,员工1007,事业部4,城市3,站点5,岗位2,正式,已申购,已支付
1022,员工1008,事业部4,城市3,站点30,岗位2,正式,已申购,已支付
1023,员工1009,事业部13,城市15,站点23,岗位2,正式,已申购,已支付
1024,员工1010,事业部2,城市1,站点2,岗位2,正式,已申购,已支付
1025,员工1011,事业部6,城市4,站点61,岗位2,正式,未申购,
1026,员工1012,事业部8,城市10,站点19,岗位2,正式,已申购,已支付
1027,员工1013,事业部1,城市1,站点40,岗位2,正式,未申购,
1028,员工1014,事业部14,城市2,站点46,岗位2,正式,已申购,已支付
1029,员工1015,事业部4,城市3,站点31,岗位2,正式,已申购,已支付
1030,员工1016,事业部1,城市1,站点27,岗位2,正式,已申购,已支付
1031,员工1017,事业部1,城市1,站点27,岗位2,正式,已申购,已支付
1032,员工1018,事业部2,城市15,站点25,岗位2,正式,已申购,已支付
1033,员工1019,事业部1,城市1,站点40,岗位2,正式,已申购,已支付
1034,员工1020,事业部12,城市13,站点21,岗位2,正式,已申购,已支付
1035,员工1021,事业部10,城市8,站点18,岗位2,正式,已申购,已支付
1036,员工1022,事业部8,城市10,站点19,岗位2,正式,已申购,已支付
1037,员工1023,事业部11,城市16,站点60,岗位2,正式,已申购,已支付
1038,员工1024,事业部11,城市16,站点60,岗位2,正式,已申购,已支付
1039,员工1025,事业部14,城市2,站点41,岗位2,正式,已申购,已支付
1040,员工1026,事业部3,城市2,站点28,岗位2,正式,已申购,已支付
1041,员工1027,事业部8,城市10,站点19,岗位2,正式,已申购,已支付
1042,员工1028,事业部8,城市10,站点19,岗位2,正式,已申购,已支付
1043,员工1029,事业部8,城市10,站点19,岗位2,正式,已申购,已支付
1044,员工1030,事业部10,城市8,站点18,岗位2,正式,已申购,已支付
1045,员工1031,事业部10,城市8,站点42,岗位2,正式,已申购,已支付
1046,员工482,事业部8,城市18,站点45,岗位2,正式,已申购,已支付
1047,员工1032,事业部8,城市18,站点45,岗位2,正式,已申购,已支付
1048,员工1033,事业部10,城市8,站点42,岗位2,正式,已申购,已支付
1049,员工1034,事业部14,城市2,站点34,岗位2,正式,已申购,已支付
1050,员工1035,事业部10,城市8,站点26,岗位2,正式,已申购,已支付
1051,员工1036,事业部11,城市16,站点36,岗位2,正式,已申购,已支付
1052,员工1037,事业部3,城市2,站点4,岗位2,正式,已申购,已支付
1053,员工1038,事业部11,城市16,站点60,岗位2,正式,已申购,已支付
1054,员工1039,事业部9,城市11,站点17,岗位2,正式,已申购,已支付
1055,员工1040,事业部4,城市6,站点11,岗位2,正式,已申购,已支付
1056,员工1041,事业部7,城市5,站点9,岗位2,正式,已申购,已支付
1057,员工1042,事业部1,城市1,站点27,岗位2,正式,已申购,已支付
1058,员工1043,事业部8,城市10,站点55,岗位2,正式,已申购,已支付
1059,员工1044,事业部8,城市10,站点55,岗位2,正式,未申购,
1060,员工1045,事业部8,城市10,站点55,岗位2,正式,未申购,
1061,员工1046,事业部8,城市10,站点55,岗位2,正式,未申购,
